"","Player","AGE","POS","CAP HIT","EXPIRY"
"1","NMC Perry, Corey",33,"RW","$8,625,000","UFA (2021)"
"2","NMC Getzlaf, Ryan",33,"C","$8,250,000","UFA (2021)"
"3","NMC Kesler, Ryan",34,"C","$6,875,000","UFA (2022)"
"4","Rakell, Rickard",25,"C","$3,853,672","UFA (2022)"
"5","Silfverberg, Jakob",28,"RW","$3,750,000","UFA (2019)"
"6","Cogliano, Andrew",31,"LW","$3,000,000","UFA (2018)"
"7","Vermette, Antoine",36,"C","$1,750,000","UFA (2018)"
"8","Thompson, Nate",34,"C","$1,600,000","UFA (2017)"
"9","Eaves, Patrick",34,"RW","$1,000,000","UFA (2017)"
"10","Kerdiles, Nicolas",25,"LW","$925,000","RFA (2018)"
"11","Boll, Jared",32,"RW","$900,000","UFA (2018)"
"12","Etem, Emerson",26,"LW","$775,000","RFA (2017)"
"13","Shaw, Logan",26,"RW","$660,000","RFA (2018)"
"14","Wagner, Chris",27,"C","$637,500","UFA (2018)"
"15","Tropp, Corey",29,"RW","$625,000","UFA (2018)"
"16","Abbott, Spencer",30,"LW","$575,000","UFA (2017)"
"17","Carrick, Sam",26,"C","$575,000","UFA (2019)"
"18","Doan, Shane",42,"RW","$3,876,134","UFA (2017)"
"19","McGinn, Jamie",30,"LW","$3,333,333","UFA (2019)"
"20","Rieder, Tobias",26,"RW","$2,225,000","RFA (2018)"
"21","Richardson, Brad",33,"RW","$2,083,333","UFA (2018)"
"22","Burmistrov, Alexander",27,"C","$1,550,000","RFA (2017)"
"23","Holland, Peter",28,"C","$1,300,000","RFA (2017)"
"24","Vrbata, Radim",37,"RW","$1,000,000","UFA (2017)"
"25","Moroz, Mitchell",24,"LW","$875,000","RFA (2017)"
"26","Gaudet, Tyler",25,"C","$874,125","RFA (2017)"
"27","Cousins, Nick",25,"C","$840,000","RFA (2017)"
"28","Pulkkinen, Teemu",27,"LW","$812,500","RFA (2017)"
"29","Duclair, Anthony",23,"LW","$772,500","RFA (2017)"
"30","Troock, Branden",24,"RW","$636,667","RFA (2017)"
"31","Martinook, Jordan",26,"LW","$612,500","RFA (2017)"
"32","Mueller, Chris",32,"C","$600,000","UFA (2017)"
"33","Whitney, Joe",30,"LW","$600,000","UFA (2017)"
"34","Jooris, Josh",28,"C","$600,000","RFA (2017)"
"35","Ross, Garret",26,"LW","$600,000","UFA (2017)"
"36","Morin, Jeremy",27,"LW","$575,000","RFA (2017)"
"37","NMC Krejci, David",32,"C","$7,250,000","UFA (2021)"
"38","NMC Bergeron, Patrice",33,"C","$6,875,000","UFA (2022)"
"39","NMC Backes, David",34,"C","$6,000,000","UFA (2021)"
"40","Marchand, Brad",30,"LW","$4,500,000","UFA (2025)"
"41","Stafford, Drew",33,"RW","$4,350,000","UFA (2017)"
"42","Beleskey, Matt",30,"LW","$3,800,000","UFA (2020)"
"43","Hayes, Jimmy",29,"RW","$2,300,000","UFA (2018)"
"44","Spooner, Ryan",27,"C","$950,000","RFA (2017)"
"45","Pastrnak, David",22,"RW","$925,000","RFA (2017)"
"46","Nash, Riley",29,"C","$900,000","UFA (2018)"
"47","Moore, Dominic",38,"C","$900,000","UFA (2017)"
"48","Rinaldo, Zac",28,"C","$850,000","UFA (2017)"
"49","Ferlin, Brian",26,"RW","$725,000","UFA (2017)"
"50","Schaller, Tim",28,"C","$600,000","RFA (2017)"
"51","Randell, Tyler",27,"RW","$600,000","UFA (2017)"
"52","Khokhlachev, Alexander",25,"C","$0",""
"53","O'Reilly, Ryan",27,"C","$7,500,000","UFA (2023)"
"54","NMC Okposo, Kyle",30,"RW","$6,000,000","UFA (2023)"
"55","Kane, Evander",27,"LW","$5,250,000","UFA (2018)"
"56","Moulson, Matt",35,"LW","$5,000,000","UFA (2019)"
"57","Ennis, Tyler",29,"C","$4,600,000","UFA (2019)"
"58","Gionta, Brian",40,"RW","$4,250,000","UFA (2017)"
"59","Foligno, Marcus",27,"LW","$2,250,000","RFA (2017)"
"60","Girgensons, Zemgus",25,"C","$1,150,000","RFA (2017)"
"61","Larsson, Johan",26,"LW","$950,000","RFA (2017)"
"62","Deslauriers, Nicolas",27,"LW","$775,000","UFA (2018)"
"63","O'Reilly, Cal",32,"C","$700,000","UFA (2017)"
"64","Carrier, William",24,"LW","$689,167","RFA (2018)"
"65","Grant, Derek",28,"C","$650,000","UFA (2017)"
"66","Kea, Justin",24,"C","$646,667","RFA (2017)"
"67","Schneider, Cole",28,"LW","$600,000","UFA (2017)"
"68","Gaudreau, Johnny",25,"LW","$6,750,000","UFA (2022)"
"69","Monahan, Sean",24,"C","$6,375,000","UFA (2023)"
"70","Brouwer, Troy",33,"RW","$4,500,000","UFA (2020)"
"71","Frolík, Michael",30,"RW","$4,300,000","UFA (2020)"
"72","Backlund, Mikael",29,"C","$3,575,000","UFA (2018)"
"73","Stajan, Matt",35,"C","$3,125,000","UFA (2018)"
"74","Bouma, Lance",28,"C","$2,200,000","UFA (2018)"
"75","Bollig, Brandon",32,"LW","$1,250,000","UFA (2017)"
"76","Versteeg, Kris",32,"LW","$950,000","UFA (2017)"
"77","Bennett, Sam",22,"C","$925,000","RFA (2017)"
"78","Lazar, Curtis",23,"C","$894,167","RFA (2017)"
"79","Shinkaruk, Hunter",24,"C","$863,333","RFA (2018)"
"80","Poirier, Emile",24,"LW","$863,333","RFA (2018)"
"81","Ferland, Micheal",26,"LW","$825,000","RFA (2017)"
"82","Chiasson, Alex",28,"RW","$800,000","RFA (2017)"
"83","Vey, Linden",27,"RW","$700,000","RFA (2017)"
"84","Hamilton, Freddie",27,"C","$612,500","RFA (2018)"
"85","NMC Staal, Jordan",30,"C","$6,000,000","UFA (2023)"
"86","Skinner, Jeff",26,"LW","$5,725,000","UFA (2019)"
"87","Rask, Victor",25,"C","$4,000,000","UFA (2022)"
"88","Lindholm, Elias",24,"C","$2,700,000","RFA (2018)"
"89","Stempniak, Lee",35,"RW","$2,500,000","UFA (2018)"
"90","Nordström, Joakim",26,"LW","$1,275,000","RFA (2018)"
"91","McClement, Jay",35,"C","$1,200,000","UFA (2017)"
"92","Nestrasil, Andrej",27,"C","$912,500","RFA (2017)"
"93","Teräväinen, Teuvo",24,"C","$894,167","RFA (2019)"
"94","Di Giuseppe, Phillip",25,"LW","$817,500","RFA (2017)"
"95","McGinn, Brock",24,"LW","$811,667","RFA (2017)"
"96","Brown, Patrick",26,"C","$650,000","UFA (2017)"
"97","Miller, Andrew",30,"C","$650,000","UFA (2018)"
"98","Woods, Brendan",26,"LW","$650,000","UFA (2017)"
"99","Brickley, Connor",26,"C","$650,000","UFA (2017)"
"100","Kristo, Danny",28,"RW","$575,000","UFA (2017)"
"101","NMC Kane, Patrick",30,"RW","$10,500,000","UFA (2023)"
"102","NMC Toews, Jonathan",30,"C","$10,500,000","UFA (2023)"
"103","NMC Hossa, Marián",40,"RW","$5,275,000","UFA (2021)"
"104","NMC Anisimov, Artem",30,"C","$4,550,000","UFA (2021)"
"105","Krüger, Marcus",28,"C","$3,083,333","UFA (2019)"
"106","Jurco, Tomas",26,"RW","$900,000","RFA (2017)"
"107","Pánik, Richard",27,"RW","$875,000","UFA (2019)"
"108","Hartman, Ryan",24,"RW","$863,333","RFA (2018)"
"109","Desjardins, Andrew",32,"C","$800,000","UFA (2017)"
"110","Tootoo, Jordin",35,"RW","$750,000","UFA (2018)"
"111","Baun, Kyle",26,"RW","$625,000","RFA (2018)"
"112","Latta, Michael",27,"C","$600,000","RFA (2017)"
"113","Mashinter, Brandon",30,"LW","$575,000","UFA (2017)"
"114","Labrie, Pierre-Cédric",32,"LW","$575,000","UFA (2017)"
"115","Rasmussen, Dennis",28,"C","$575,000","RFA (2017)"
"116","MacKinnon, Nathan",23,"C","$6,300,000","(2023)"
"117","Duchene, Matt",28,"C","$6,000,000","UFA (2019)"
"118","Landeskog, Gabriel",26,"LW","$5,571,429","UFA (2021)"
"119","Söderberg, Carl",33,"C","$4,750,000","UFA (2020)"
"120","Colborne, Joe",29,"C","$2,500,000","UFA (2018)"
"121","Comeau, Blake",32,"LW","$2,400,000","UFA (2018)"
"122","Mitchell, John",34,"C","$1,800,000","UFA (2017)"
"123","Grigorenko, Mikhail",24,"C","$1,300,000","RFA (2017)"
"124","Grimaldi, Rocco",25,"C","$925,000","RFA (2017)"
"125","Bourque, Gabriel",28,"LW","$800,000","RFA (2017)"
"126","Nieto, Matt",26,"LW","$735,000","RFA (2017)"
"127","Bourque, Rene",37,"LW","$650,000","UFA (2017)"
"128","Andrighetto, Sven",25,"RW","$650,000","RFA (2017)"
"129","Girard, Félix",24,"C","$631,667","RFA (2017)"
"130","Bourke, Troy",24,"C","$631,667","RFA (2017)"
"131","Ranford, Brendan",26,"LW","$625,000","UFA (2017)"
"132","O'Brien, Jim",30,"C","$600,000","UFA (2017)"
"133","Sislo, Mike",31,"RW","$600,000","UFA (2017)"
"134","Henley, Samuel",25,"C","$586,667","RFA (2017)"
"135","Elson, Turner",26,"LW","$575,000","RFA (2017)"
"136","Saad, Brandon",26,"LW","$6,000,000","UFA (2021)"
"137","NMC Dubinsky, Brandon",32,"C","$5,850,000","UFA (2021)"
"138","NMC Foligno, Nick",31,"LW","$5,500,000","UFA (2021)"
"139","NMC Hartnell, Scott",36,"LW","$4,750,000","UFA (2019)"
"140","Atkinson, Cam",29,"RW","$3,500,000","UFA (2018)"
"141","Jenner, Boone",25,"C","$2,900,000","RFA (2018)"
"142","Calvert, Matt",29,"LW","$2,200,000","UFA (2018)"
"143","Korpikoski, Lauri",32,"LW","$1,000,000","UFA (2017)"
"144","Karlsson, William",26,"C","$1,000,000","RFA (2018)"
"145","Wennberg, Alexander",24,"C","$925,000","RFA (2017)"
"146","Gallant, Brett",30,"LW","$750,000","UFA (2017)"
"147","Anderson, Josh",24,"RW","$678,333","RFA (2017)"
"148","Gagner, Sam",29,"C","$650,000","UFA (2017)"
"149","Broadhurst, Alex",25,"C","$600,000","RFA (2017)"
"150","Tynan, T.J.",26,"C","$600,000","UFA (2017)"
"151","Dalpe, Zac",29,"C","$600,000","UFA (2019)"
"152","Sedlak, Lukas",25,"C","$600,000","RFA (2019)"
"153","NMC Spezza, Jason",35,"C","$7,500,000","UFA (2019)"
"154","Sharp, Patrick",37,"LW","$5,900,000","UFA (2017)"
"155","Seguin, Tyler",27,"C","$5,750,000","UFA (2019)"
"156","NMC Benn, Jamie",29,"LW","$5,250,000","UFA (2025)"
"157","Hemsky, Ales",35,"RW","$4,000,000","UFA (2017)"
"158","Eakin, Cody",27,"C","$3,850,000","UFA (2020)"
"159","Roussel, Antoine",29,"LW","$2,000,000","UFA (2018)"
"160","Hudler, Jiri",35,"LW","$2,000,000","UFA (2017)"
"161","Ritchie, Brett",25,"RW","$875,000","RFA (2017)"
"162","Faksa, Radek",25,"C","$863,333","RFA (2017)"
"163","McKenzie, Curtis",27,"LW","$675,000","UFA (2018)"
"164","Smith, Gemel",24,"C","$645,000","RFA (2017)"
"165","Dowling, Justin",28,"C","$625,000","UFA (2019)"
"166","Cracknell, Adam",33,"RW","$600,000","UFA (2018)"
"167","McNeill, Mark",25,"RW","$600,000","RFA (2017)"
"168","Stransky, Matej",25,"RW","$575,000","RFA (2017)"
"169","Nichushkin, Valeri",23,"RW","$0",""
"170","Zetterberg, Henrik",38,"LW","$6,083,333","UFA (2021)"
"171","NMC Nielsen, Frans",34,"C","$5,250,000","UFA (2022)"
"172","Nyquist, Gustav",29,"RW","$4,750,000","UFA (2019)"
"173","Abdelkader, Justin",31,"LW","$4,250,000","UFA (2023)"
"174","Helm, Darren",32,"C","$3,850,000","UFA (2021)"
"175","Tatar, Tomas",28,"LW","$2,750,000","RFA (2017)"
"176","Sheahan, Riley",27,"C","$2,075,000","RFA (2018)"
"177","Miller, Drew",34,"LW","$1,025,000","UFA (2017)"
"178","Mantha, Anthony",24,"RW","$863,333","RFA (2018)"
"179","Tangradi, Eric",29,"LW","$650,000","UFA (2018)"
"180","Frk, Martin",25,"RW","$639,167","RFA (2017)"
"181","Athanasiou, Andreas",24,"C","$628,333","RFA (2017)"
"182","Glendening, Luke",29,"C","$628,333","UFA (2021)"
"183","Nosek, Tomas",26,"LW","$612,500","RFA (2018)"
"184","Street, Ben",31,"C","$600,000","UFA (2017)"
"185","Callahan, Mitch",27,"RW","$600,000","UFA (2017)"
"186","NMC Lucic, Milan",30,"LW","$6,000,000","UFA (2023)"
"187","Eberle, Jordan",28,"RW","$6,000,000","UFA (2019)"
"188","Nugent-Hopkins, Ryan",25,"C","$6,000,000","UFA (2021)"
"189","Pouliot, Benoit",32,"LW","$4,000,000","UFA (2019)"
"190","Desharnais, David",32,"C","$3,500,000","UFA (2017)"
"191","Maroon, Patrick",30,"LW","$2,000,000","UFA (2018)"
"192","Hendricks, Matt",37,"LW","$1,850,000","UFA (2017)"
"193","Letestu, Mark",33,"C","$1,800,000","UFA (2018)"
"194","Kassian, Zack",28,"RW","$1,500,000","RFA (2017)"
"195","Draisaitl, Leon",23,"C","$925,000","RFA (2017)"
"196","Samuelsson, Henrik",24,"C","$894,167","RFA (2017)"
"197","Khaira, Jujhar",24,"LW","$875,000","RFA (2019)"
"198","Pitlick, Tyler",27,"RW","$725,000","UFA (2017)"
"199","Pakarinen, Iiro",27,"RW","$725,000","RFA (2018)"
"200","Pochiro, Zachary",24,"LW","$663,333","RFA (2017)"
"201","Fontaine, Justin",31,"RW","$600,000","UFA (2017)"
"202","Barkov, Aleksander",23,"C","$5,900,000","UFA (2022)"
"203","Smith, Reilly",27,"RW","$5,000,000","UFA (2022)"
"204","Trocheck, Vincent",25,"C","$4,750,000","UFA (2022)"
"205","Bjugstad, Nick",26,"C","$4,100,000","UFA (2021)"
"206","Jágr, Jaromír",46,"RW","$4,000,000","UFA (2017)"
"207","Jokinen, Jussi",35,"LW","$4,000,000","UFA (2018)"
"208","Huberdeau, Jonathan",25,"LW","$3,250,000","UFA (2023)"
"209","Vanek, Thomas",35,"LW","$2,600,000","UFA (2017)"
"210","MacKenzie, Derek",37,"C","$1,300,000","UFA (2019)"
"211","Sceviour, Colton",29,"C","$950,000","UFA (2018)"
"212","Marchessault, Jonathan",28,"C","$750,000","UFA (2018)"
"213","Hodges, Steven",24,"C","$685,000","RFA (2017)"
"214","Black, Graham",26,"C","$650,000","RFA (2017)"
"215","Sgarbossa, Michael",26,"C","$600,000","RFA (2017)"
"216","Sutter, Brody",27,"C","$600,000","UFA (2017)"
"217","Thompson, Paul",30,"RW","$575,000","UFA (2017)"
"218","NMC Kopitar, Anze",31,"C","$10,000,000","UFA (2024)"
"219","Brown, Dustin",34,"RW","$5,875,000","UFA (2022)"
"220","Iginla, Jarome",41,"RW","$5,333,333","UFA (2017)"
"221","Carter, Jeff",34,"C","$5,272,727","UFA (2022)"
"222","Gáborík, Marián",36,"RW","$4,875,000","UFA (2021)"
"223","Toffoli, Tyler",26,"RW","$3,250,000","UFA (2020)"
"224","Lewis, Trevor",32,"C","$2,000,000","UFA (2020)"
"225","Purcell, Teddy",33,"RW","$1,600,000","UFA (2017)"
"226","Clifford, Kyle",28,"C","$1,600,000","UFA (2020)"
"227","Pearson, Tanner",26,"LW","$1,400,000","UFA (2021)"
"228","Nolan, Jordan",29,"C","$950,000","UFA (2018)"
"229","Mersch, Michael",26,"LW","$786,667","RFA (2017)"
"230","Dowd, Nic",28,"C","$640,000","UFA (2018)"
"231","Auger, Justin",24,"RW","$616,667","RFA (2017)"
"232","Crescenzi, Andrew",26,"C","$600,000","RFA (2017)"
"233","Shore, Nick",26,"C","$600,000","RFA (2017)"
"234","Andreoff, Andy",27,"LW","$587,500","RFA (2017)"
"235","NMC Parise, Zach",34,"LW","$7,538,462","UFA (2025)"
"236","NMC Koivu, Mikko",35,"C","$6,750,000","UFA (2018)"
"237","NMC Pominville, Jason",36,"RW","$5,600,000","UFA (2019)"
"238","Staal, Eric",34,"C","$3,500,000","UFA (2019)"
"239","Coyle, Charlie",26,"C","$3,200,000","UFA (2020)"
"240","Hanzal, Martin",31,"C","$3,100,000","UFA (2017)"
"241","Granlund, Mikael",26,"C","$3,000,000","RFA (2017)"
"242","Niederreiter, Nino",26,"RW","$2,666,667","RFA (2017)"
"243","Zucker, Jason",27,"LW","$2,000,000","RFA (2018)"
"244","Stewart, Chris",31,"RW","$1,150,000","UFA (2018)"
"245","Haula, Erik",27,"C","$1,000,000","RFA (2017)"
"246","White, Ryan",30,"C","$1,000,000","UFA (2017)"
"247","Brassart, Brady",25,"C","$836,667","UFA (2017)"
"248","Gabriel, Kurtis",25,"RW","$666,667","RFA (2017)"
"249","Schroeder, Jordan",28,"C","$650,000","RFA (2017)"
"250","Mitchell, Zack",26,"RW","$615,000","RFA (2017)"
"251","Cannone, Patrick",32,"C","$600,000","UFA (2017)"
"252","Carter, Ryan",35,"C","$575,000","UFA (2017)"
"253","Plekanec, Tomas",36,"C","$6,000,000","UFA (2018)"
"254","Radulov, Alexander",32,"RW","$5,750,000","UFA (2017)"
"255","Pacioretty, Max",30,"LW","$4,500,000","UFA (2019)"
"256","Shaw, Andrew",27,"C","$3,900,000","UFA (2022)"
"257","Gallagher, Brendan",26,"RW","$3,750,000","UFA (2021)"
"258","Galchenyuk, Alex",24,"C","$2,800,000","RFA (2017)"
"259","King, Dwight",29,"LW","$1,950,000","UFA (2017)"
"260","Mitchell, Torrey",34,"C","$1,200,000","UFA (2018)"
"261","Byron, Paul",29,"C","$1,166,667","UFA (2019)"
"262","Flynn, Brian",30,"RW","$950,000","UFA (2017)"
"263","De La Rose, Jacob",23,"LW","$925,000","RFA (2017)"
"264","Danault, Phillip",25,"C","$912,500","RFA (2018)"
"265","Drouin, Jonathan",23,"LW","$894,167","UFA (2023)"
"266","Carr, Daniel",27,"LW","$725,000","RFA (2018)"
"267","Crisp, Connor",24,"LW","$646,667","RFA (2017)"
"268","Hudon, Charles",24,"LW","$625,000","RFA (2019)"
"269","Matteau, Stefan",24,"LW","$612,500","RFA (2017)"
"270","Terry, Chris",29,"LW","$600,000","UFA (2018)"
"271","Farnham, Bobby",30,"RW","$575,000","UFA (2017)"
"272","Forsberg, Filip",24,"C","$6,000,000","UFA (2022)"
"273","Neal, James",31,"LW","$5,000,000","UFA (2018)"
"274","Fisher, Mike",38,"C","$4,400,000","UFA (2017)"
"275","Smith, Craig",29,"C","$4,250,000","UFA (2020)"
"276","Johansen, Ryan",26,"C","$4,000,000","RFA (2017)"
"277","Wilson, Colin",29,"C","$3,937,500","UFA (2019)"
"278","Ribeiro, Mike",38,"C","$3,500,000","UFA (2017)"
"279","Järnkrok, Calle",27,"C","$2,000,000","UFA (2022)"
"280","McLeod, Cody",34,"LW","$1,333,333","UFA (2018)"
"281","Parenteau, Pierre-Alexandre",35,"RW","$1,250,000","UFA (2017)"
"282","Fiddler, Vernon",38,"C","$1,250,000","UFA (2017)"
"283","Åberg, Pontus",25,"LW","$780,833","RFA (2017)"
"284","Arvidsson, Viktor",25,"LW","$631,667","RFA (2017)"
"285","Sissons, Colton",25,"C","$625,000","RFA (2019)"
"286","Smith, Trevor",33,"C","$612,500","UFA (2018)"
"287","Bass, Cody",32,"C","$612,500","UFA (2018)"
"288","Salomäki, Miikka",25,"RW","$612,500","RFA (2018)"
"289","Zolnierczyk, Harry",31,"LW","$575,000","UFA (2017)"
"290","Payerl, Adam",27,"C","$575,000","UFA (2017)"
"291","Watson, Austin",27,"LW","$575,000","RFA (2017)"
"292","Hall, Taylor",27,"LW","$6,000,000","UFA (2020)"
"293","Zajac, Travis",33,"C","$5,750,000","UFA (2021)"
"294","Cammalleri, Mike",36,"LW","$5,000,000","UFA (2019)"
"295","Palmieri, Kyle",27,"RW","$4,650,000","UFA (2021)"
"296","Henrique, Adam",28,"C","$4,000,000","UFA (2019)"
"297","Smith-Pelly, Devante",26,"RW","$1,300,000","RFA (2018)"
"298","Josefson, Jacob",27,"C","$1,100,000","RFA (2017)"
"299","Bennett, Beau",27,"RW","$725,000","RFA (2017)"
"300","Gazdic, Luke",29,"LW","$700,000","UFA (2017)"
"301","Straka, Petr",26,"RW","$650,000","UFA (2017)"
"302","Harper, Shane",29,"RW","$650,000","UFA (2017)"
"303","Thomson, Ben",26,"LW","$626,667","RFA (2017)"
"304","Noesen, Stefan",25,"RW","$600,000","RFA (2017)"
"305","Camper, Carter",30,"C","$575,000","UFA (2017)"
"306","NMC Ladd, Andrew",33,"LW","$5,500,000","UFA (2023)"
"307","NMC Tavares, John",28,"C","$5,500,000","UFA (2018)"
"308","Kulemin, Nikolai",32,"LW","$4,187,500","UFA (2018)"
"309","Lee, Anders",28,"C","$3,750,000","UFA (2019)"
"310","Cizikas, Casey",27,"C","$3,350,000","UFA (2021)"
"311","Bailey, Josh",29,"LW","$3,300,000","UFA (2018)"
"312","Clutterbuck, Cal",31,"RW","$2,750,000","UFA (2022)"
"313","Strome, Ryan",25,"C","$2,500,000","RFA (2018)"
"314","Nelson, Brock",27,"C","$2,500,000","RFA (2018)"
"315","Chimera, Jason",39,"LW","$2,250,000","UFA (2018)"
"316","Prince, Shane",26,"LW","$850,000","RFA (2018)"
"317","Kearns, Bracken",37,"C","$800,000","UFA (2017)"
"318","Holmstrom, Ben",31,"C","$800,000","UFA (2017)"
"319","Quine, Alan",25,"C","$612,500","RFA (2018)"
"320","Bernier, Steve",33,"RW","$600,000","UFA (2019)"
"321","Gionta, Stephen",35,"C","$575,000","UFA (2017)"
"322","Boulton, Eric",42,"LW","$575,000","UFA (2017)"
"323","NMC Nash, Rick",34,"LW","$7,800,000","UFA (2018)"
"324","Stepan, Derek",28,"C","$6,500,000","UFA (2021)"
"325","Kreider, Chris",27,"LW","$4,625,000","UFA (2020)"
"326","Zuccarello, Mats",31,"RW","$4,500,000","UFA (2019)"
"327","Miller, J.T.",25,"C","$2,750,000","RFA (2018)"
"328","Zibanejad, Mika",25,"C","$2,625,000","RFA (2017)"
"329","Hayes, Kevin",26,"C","$2,600,000","RFA (2018)"
"330","Grabner, Michael",31,"RW","$1,650,000","UFA (2018)"
"331","Glass, Tanner",35,"LW","$1,450,000","UFA (2017)"
"332","Pirri, Brandon",27,"C","$1,100,000","RFA (2017)"
"333","Fast, Jesper",27,"RW","$950,000","RFA (2017)"
"334","Puempel, Matt",26,"LW","$900,000","RFA (2018)"
"335","Lindberg, Oscar",27,"C","$650,000","RFA (2017)"
"336","Hrivík, Marek",27,"RW","$600,000","UFA (2017)"
"337","Jensen, Nicklas",25,"RW","$600,000","RFA (2017)"
"338","Brown, Chris",27,"C","$575,000","UFA (2017)"
"339","Catenacci, Daniel",25,"C","$575,000","RFA (2017)"
"340","Ryan, Bobby",31,"RW","$7,250,000","UFA (2022)"
"341","Hoffman, Mike",29,"LW","$5,187,500","UFA (2020)"
"342","Brassard, Derick",31,"C","$5,000,000","UFA (2019)"
"343","MacArthur, Clarke",33,"LW","$4,650,000","UFA (2020)"
"344","Burrows, Alexandre",37,"RW","$4,500,000","UFA (2019)"
"345","Stone, Mark",26,"RW","$3,500,000","RFA (2018)"
"346","Turris, Kyle",29,"C","$3,500,000","UFA (2018)"
"347","Wingels, Tommy",30,"RW","$2,475,000","UFA (2017)"
"348","Smith, Zack",30,"C","$1,887,500","UFA (2021)"
"349","Stalberg, Viktor",33,"LW","$1,500,000","UFA (2017)"
"350","Neil, Chris",39,"RW","$1,500,000","UFA (2017)"
"351","Kelly, Chris",38,"C","$900,000","UFA (2017)"
"352","Pageau, Jean-Gabriel",26,"C","$900,000","RFA (2017)"
"353","Bailey, Casey",27,"C","$874,125","UFA (2017)"
"354","Pyatt, Tom",31,"C","$800,000","UFA (2017)"
"355","Dzingel, Ryan",26,"C","$750,000","RFA (2017)"
"356","Blunden, Mike",32,"RW","$737,500","UFA (2018)"
"357","Varone, Philip",28,"C","$700,000","UFA (2017)"
"358","McCormick, Max",26,"LW","$650,000","UFA (2017)"
"359","Rupert, Ryan",24,"C","$631,667","UFA (2017)"
"360","NMC Giroux, Claude",31,"C","$8,275,000","UFA (2022)"
"361","Voracek, Jakub",29,"RW","$8,250,000","UFA (2024)"
"362","Schenn, Brayden",27,"C","$5,125,000","UFA (2020)"
"363","NMC Filppula, Valtteri",34,"C","$5,000,000","UFA (2018)"
"364","Couturier, Sean",26,"C","$4,333,333","UFA (2022)"
"365","Simmonds, Wayne",30,"RW","$3,975,000","UFA (2019)"
"366","Read, Matt",32,"RW","$3,625,000","UFA (2018)"
"367","Weise, Dale",30,"RW","$2,350,000","UFA (2020)"
"368","Raffl, Michael",30,"LW","$2,350,000","UFA (2019)"
"369","Bellemare, Pierre-Édouard",33,"LW","$1,450,000","UFA (2019)"
"370","Gordon, Boyd",35,"C","$950,000","UFA (2017)"
"371","Laughton, Scott",24,"C","$863,333","RFA (2017)"
"372","Leier, Taylor",24,"LW","$779,617","RFA (2017)"
"373","VandeVelde, Chris",31,"C","$712,500","UFA (2017)"
"374","Weal, Jordan",26,"C","$650,000","UFA (2017)"
"375","McDonald, Colin",34,"RW","$637,500","UFA (2018)"
"376","Conner, Chris",35,"RW","$575,000","UFA (2017)"
"377","Carey, Greg",28,"C","$575,000","UFA (2019)"
"378","NMC Malkin, Evgeni",32,"C","$9,500,000","UFA (2022)"
"379","NMC Crosby, Sidney",31,"C","$8,700,000","UFA (2025)"
"380","NMC Kessel, Phil",31,"RW","$8,000,000","UFA (2022)"
"381","Hörnqvist, Patric",32,"RW","$4,250,000","UFA (2018)"
"382","Hagelin, Carl",30,"LW","$4,000,000","UFA (2019)"
"383","Kunitz, Chris",39,"LW","$3,850,000","UFA (2017)"
"384","Bonino, Nick",30,"C","$1,900,000","UFA (2017)"
"385","Cullen, Matt",42,"C","$1,000,000","UFA (2017)"
"386","Sundqvist, Oskar",24,"C","$700,833","RFA (2017)"
"387","Archibald, Josh",26,"RW","$659,167","RFA (2017)"
"388","Rust, Bryan",26,"RW","$640,000","RFA (2018)"
"389","Kühnhackl, Tom",27,"RW","$625,000","RFA (2018)"
"390","Wilson, Scott",26,"LW","$625,000","RFA (2018)"
"391","Dea, Jean-Sébastien",24,"C","$593,333","RFA (2017)"
"392","Wilson, Garrett",27,"LW","$575,000","UFA (2017)"
"393","Sestito, Tom",31,"LW","$575,000","UFA (2017)"
"394","Porter, Kevin",32,"C","$575,000","UFA (2017)"
"395","Thornton, Joe",39,"C","$6,750,000","UFA (2017)"
"396","Marleau, Patrick",39,"LW","$6,666,667","UFA (2017)"
"397","Couture, Logan",29,"C","$6,000,000","UFA (2019)"
"398","Pavelski, Joe",34,"C","$6,000,000","UFA (2019)"
"399","Boedker, Mikkel",29,"LW","$4,000,000","UFA (2020)"
"400","Ward, Joel",38,"RW","$3,275,000","UFA (2018)"
"401","Hertl, Tomas",25,"C","$3,000,000","RFA (2018)"
"402","Hansen, Jannik",32,"RW","$2,500,000","UFA (2018)"
"403","Karlsson, Melker",28,"C","$1,650,000","UFA (2020)"
"404","Robinson, Buddy",27,"RW","$750,000","UFA (2017)"
"405","Tierney, Chris",24,"C","$711,667","RFA (2017)"
"406","Goodrow, Barclay",25,"RW","$626,667","RFA (2017)"
"407","Haley, Micheal",32,"C","$625,000","UFA (2017)"
"408","Stortini, Zack",33,"RW","$600,000","UFA (2017)"
"409","Carpenter, Ryan",28,"C","$600,000","UFA (2019)"
"410","Tarasenko, Vladimir",27,"RW","$7,500,000","UFA (2023)"
"411","Stastny, Paul",33,"C","$7,000,000","UFA (2018)"
"412","Steen, Alexander",34,"LW","$5,800,000","UFA (2021)"
"413","Schwartz, Jaden",26,"LW","$5,350,000","UFA (2021)"
"414","Lehterä, Jori",31,"C","$4,700,000","UFA (2019)"
"415","Perron, David",30,"LW","$3,750,000","UFA (2018)"
"416","Berglund, Patrik",30,"C","$3,700,000","UFA (2022)"
"417","Sobotka, Vladimír",31,"LW","$2,725,000","UFA (2020)"
"418","Yakupov, Nail",25,"RW","$2,500,000","RFA (2017)"
"419","Reaves, Ryan",32,"RW","$1,125,000","UFA (2018)"
"420","Jaskin, Dmitrij",25,"RW","$1,000,000","RFA (2018)"
"421","Brodziak, Kyle",34,"C","$950,000","UFA (2018)"
"422","Upshall, Scottie",35,"LW","$900,000","UFA (2017)"
"423","Ferraro, Landon",27,"C","$700,000","RFA (2017)"
"424","Pääjärvi, Magnus",27,"LW","$700,000","RFA (2017)"
"425","Rattie, Ty",25,"RW","$650,000","RFA (2017)"
"426","Agostino, Kenny",26,"LW","$625,000","UFA (2017)"
"427","Agozzino, Andrew",28,"LW","$600,000","UFA (2017)"
"428","Malone, Brad",29,"C","$575,000","UFA (2017)"
"429","Caron, Jordan",28,"RW","$575,000","RFA (2017)"
"430","Doty, Jacob",25,"C","$575,000","RFA (2017)"
"431","NMC Stamkos, Steven",28,"C","$8,500,000","UFA (2024)"
"432","NMC Callahan, Ryan",33,"RW","$5,800,000","UFA (2020)"
"433","Kucherov, Nikita",25,"RW","$4,766,667","RFA (2019)"
"434","Killorn, Alex",29,"C","$4,450,000","UFA (2023)"
"435","Johnson, Tyler",28,"C","$3,333,333","RFA (2017)"
"436","Palat, Ondrej",27,"LW","$3,333,333","RFA (2017)"
"437","Namestnikov, Vladislav",26,"C","$1,937,500","RFA (2018)"
"438","Condra, Erik",32,"RW","$1,250,000","UFA (2018)"
"439","Brown, J.T.",28,"RW","$1,250,000","UFA (2018)"
"440","Paquette, Cédric",25,"C","$812,500","RFA (2018)"
"441","McKegg, Greg",26,"C","$700,000","UFA (2017)"
"442","Fournier, Stefan",26,"RW","$632,500","UFA (2017)"
"443","Ikonen, Henri",24,"LW","$616,667","RFA (2017)"
"444","Dumont, Gabriel",28,"C","$575,000","UFA (2017)"
"445","Richard, Tanner",25,"C","$575,000","RFA (2017)"
"446","Letourneau-Leblond, Pierre-Luc",33,"RW","$575,000","UFA (2017)"
"447","Halmo, Mike",27,"LW","$575,000","UFA (2017)"
"448","Gourde, Yanni",27,"C","$575,000","UFA (2017)"
"449","McGinn, Tye",28,"LW","$575,000","RFA (2017)"
"450","Froese, Byron",27,"C","$575,000","UFA (2017)"
"451","Conacher, Cory",29,"LW","$575,000","UFA (2017)"
"452","Bournival, Michaël",26,"LW","$575,000","RFA (2017)"
"453","Gusev, Nikita",26,"LW","$0",""
"454","Lupul, Joffrey",35,"LW","$5,250,000","UFA (2018)"
"455","Kadri, Nazem",28,"C","$4,500,000","UFA (2022)"
"456","Laich, Brooks",35,"C","$4,500,000","UFA (2017)"
"457","van Riemsdyk, James",29,"LW","$4,250,000","UFA (2018)"
"458","Bozak, Tyler",32,"C","$4,200,000","UFA (2018)"
"459","Michalek, Milan",34,"LW","$4,000,000","UFA (2017)"
"460","Komarov, Leo",32,"C","$2,950,000","UFA (2018)"
"461","Greening, Colin",32,"LW","$2,650,000","UFA (2017)"
"462","Martin, Matt",29,"LW","$2,500,000","UFA (2020)"
"463","Fehr, Eric",33,"C","$2,000,000","UFA (2018)"
"464","Boyle, Brian",34,"C","$2,000,000","UFA (2017)"
"465","Rychel, Kerby",24,"LW","$863,333","RFA (2018)"
"466","Brown, Connor",25,"RW","$686,667","RFA (2017)"
"467","Smith, Ben",30,"RW","$675,000","UFA (2018)"
"468","Leipsic, Brendan",24,"LW","$653,333","RFA (2017)"
"469","Griffith, Seth",26,"RW","$625,000","RFA (2017)"
"470","Leivo, Josh",25,"LW","$612,500","RFA (2018)"
"471","NMC Sedin, Henrik",38,"C","$7,000,000","UFA (2018)"
"472","NMC Sedin, Daniel",38,"LW","$7,000,000","UFA (2018)"
"473","NMC Eriksson, Loui",33,"RW","$6,000,000","UFA (2022)"
"474","Sutter, Brandon",29,"C","$4,375,000","UFA (2021)"
"475","Dorsett, Derek",32,"RW","$2,650,000","UFA (2019)"
"476","Baertschi, Sven",26,"LW","$1,850,000","RFA (2018)"
"477","Rödin, Anton",28,"RW","$950,000","UFA (2017)"
"478","Granlund, Markus",25,"C","$900,000","RFA (2018)"
"479","Horvat, Bo",23,"C","$894,167","RFA (2017)"
"480","Gaunce, Brendan",24,"C","$863,333","RFA (2017)"
"481","Cramarossa, Joseph",26,"C","$724,500","RFA (2017)"
"482","Boucher, Reid",25,"LW","$715,000","RFA (2017)"
"483","Skille, Jack",31,"RW","$700,000","UFA (2017)"
"484","Zalewski, Michael",26,"LW","$632,500","RFA (2017)"
"485","Grenier, Alexandre",27,"RW","$600,000","UFA (2017)"
"486","Chaput, Michael",26,"C","$600,000","RFA (2017)"
"487","Megna, Jayson",28,"C","$600,000","UFA (2018)"
"488","Rendulic, Borna",26,"RW","$575,000","UFA (2017)"
"489","Ovechkin, Alex",33,"LW","$9,538,462","UFA (2021)"
"490","Bäckström, Nicklas",31,"C","$6,700,000","UFA (2020)"
"491","Johansson, Marcus",28,"C","$4,583,333","UFA (2019)"
"492","Oshie, T.J.",32,"RW","$4,175,000","UFA (2017)"
"493","Eller, Lars",29,"C","$3,500,000","UFA (2018)"
"494","Williams, Justin",37,"RW","$3,250,000","UFA (2017)"
"495","Kuznetsov, Evgeny",26,"C","$3,000,000","RFA (2017)"
"496","Winnik, Daniel",33,"C","$2,250,000","UFA (2017)"
"497","Wilson, Tom",24,"RW","$2,000,000","RFA (2018)"
"498","Beagle, Jay",33,"RW","$1,750,000","UFA (2018)"
"499","Burakovsky, André",23,"LW","$894,167","RFA (2017)"
"500","Connolly, Brett",26,"RW","$850,000","RFA (2017)"
"501","Stephenson, Chandler",24,"C","$725,833","RFA (2017)"
"502","Walker, Nathan",24,"LW","$635,000","RFA (2019)"
"503","Graovac, Tyler",25,"C","$625,000","RFA (2018)"
"504","O'Brien, Liam",24,"C","$621,667","RFA (2017)"
"505","Sill, Zach",30,"C","$612,500","UFA (2018)"
"506","Mitchell, Garrett",27,"RW","$587,500","UFA (2017)"
"507","Carey, Paul",30,"C","$575,000","UFA (2017)"
"508","Bourque, Chris",33,"LW","$575,000","UFA (2017)"
"509","Thomas, Christian",26,"LW","$575,000","UFA (2017)"
"510","Galiev, Stanislav",27,"RW","$575,000","UFA (2017)"
"511","Scheifele, Mark",25,"C","$6,125,000","UFA (2024)"
"512","Wheeler, Blake",32,"RW","$5,600,000","UFA (2019)"
"513","Little, Bryan",31,"C","$4,700,000","UFA (2018)"
"514","Perreault, Mathieu",31,"C","$3,000,000","UFA (2021)"
"515","Matthias, Shawn",30,"C","$2,125,000","UFA (2018)"
"516","Thorburn, Chris",35,"RW","$1,200,000","UFA (2017)"
"517","Lowry, Adam",25,"LW","$1,125,000","RFA (2018)"
"518","Armia, Joel",25,"RW","$925,000","RFA (2018)"
"519","Dano, Marko",24,"C","$925,000","RFA (2018)"
"520","Copp, Andrew",24,"C","$925,000","RFA (2017)"
"521","Kosmachuk, Scott",25,"RW","$720,000","RFA (2017)"
"522","Peluso, Anthony",29,"RW","$675,000","UFA (2017)"
"523","Lipon, JC",25,"RW","$650,000","RFA (2017)"
"524","Howden, Quinton",27,"C","$650,000","RFA (2017)"
"525","Olsen, Ryan",24,"C","$616,667","RFA (2017)"
"526","Telegin, Ivan",26,"LW","$0",""
"527","Lindholm, Hampus",25,"D","$5,713,415","UFA (2022)"
"528","Vatanen, Sami",27,"D","$4,875,000","UFA (2020)"
"529","Fowler, Cam",27,"D","$4,000,000","UFA (2018)"
"530","NMC Bieksa, Kevin",37,"D","$4,000,000","UFA (2018)"
"531","Stoner, Clayton",33,"D","$3,250,000","UFA (2018)"
"532","Theodore, Shea",23,"D","$863,333","RFA (2018)"
"533","Manson, Josh",27,"D","$825,000","RFA (2018)"
"534","Megna, Jaycob",26,"D","$786,667","RFA (2017)"
"535","Holzer, Korbinian",30,"D","$700,000","UFA (2017)"
"536","Guenin, Nate",36,"D","$600,000","UFA (2017)"
"537","Schultz, Jeff",32,"D","$575,000","UFA (2017)"
"538","Ekman-Larsson, Oliver",27,"D","$5,500,000","UFA (2019)"
"539","NMC Goligoski, Alex",33,"D","$5,475,000","UFA (2021)"
"540","Murphy, Connor",25,"D","$3,850,000","UFA (2022)"
"541","Michalek, Zbynek",36,"D","$3,200,000","UFA (2017)"
"542","Schenn, Luke",29,"D","$1,250,000","UFA (2018)"
"543","Connauton, Kevin",28,"D","$1,000,000","UFA (2018)"
"544","Tinordi, Jarred",26,"D","$700,000","UFA (2017)"
"545","McBain, Jamie",30,"D","$650,000","UFA (2017)"
"546","NMC Chara, Zdeno",41,"D","$6,916,667","UFA (2018)"
"547","Krug, Torey",27,"D","$5,250,000","UFA (2020)"
"548","McQuaid, Adam",32,"D","$2,750,000","UFA (2019)"
"549","Miller, Kevan",31,"D","$2,500,000","UFA (2020)"
"550","Liles, John-Michael",38,"D","$2,000,000","UFA (2017)"
"551","Miller, Colin",26,"D","$1,000,000","RFA (2018)"
"552","Morrow, Joe",26,"D","$800,000","RFA (2017)"
"553","Casto, Chris",27,"D","$650,000","UFA (2017)"
"554","Cross, Tommy",29,"D","$600,000","UFA (2018)"
"555","Grant, Alex",30,"D","$600,000","UFA (2017)"
"556","Ristolainen, Rasmus",24,"D","$5,400,000","UFA (2022)"
"557","Bogosian, Zach",28,"D","$5,142,857","UFA (2020)"
"558","Kulikov, Dmitry",28,"D","$4,333,333","UFA (2017)"
"559","Gorges, Josh",34,"D","$3,900,000","UFA (2018)"
"560","Franson, Cody",31,"D","$3,325,000","UFA (2017)"
"561","McCabe, Jake",25,"D","$1,600,000","RFA (2019)"
"562","Beaulieu, Nathan",26,"D","$1,000,000","RFA (2017)"
"563","Falk, Justin",30,"D","$650,000","UFA (2018)"
"564","Austin, Brady",25,"D","$626,667","RFA (2017)"
"565","Bodie, Mat",28,"D","$600,000","UFA (2017)"
"566","Fedun, Taylor",30,"D","$600,000","UFA (2017)"
"567","Giordano, Mark",35,"D","$6,750,000","UFA (2022)"
"568","Hamilton, Dougie",25,"D","$5,750,000","UFA (2021)"
"569","Wideman, Dennis",35,"D","$5,250,000","UFA (2017)"
"570","Brodie, TJ",28,"D","$4,650,400","UFA (2020)"
"571","Stone, Michael",28,"D","$4,000,000","UFA (2017)"
"572","Engelland, Deryk",36,"D","$2,916,667","UFA (2017)"
"573","Kostka, Michael",33,"D","$800,000","UFA (2017)"
"574","Kulak, Brett",25,"D","$656,667","RFA (2017)"
"575","Culkin, Ryan",25,"D","$656,667","RFA (2017)"
"576","Wotherspoon, Tyler",25,"D","$625,000","RFA (2017)"
"577","Bartkowski, Matt",30,"D","$612,500","UFA (2018)"
"578","Faulk, Justin",26,"D","$4,833,333","UFA (2020)"
"579","Murphy, Ryan",25,"D","$787,500","RFA (2018)"
"580","Dahlbeck, Klas",27,"D","$750,000","RFA (2018)"
"581","Tennyson, Matt",28,"D","$675,000","UFA (2017)"
"582","Carrick, Trevor",24,"D","$675,000","RFA (2017)"
"583","Robertson, Dennis",27,"D","$650,000","UFA (2017)"
"584","Samuelsson, Philip",27,"D","$600,000","UFA (2017)"
"585","NMC Seabrook, Brent",33,"D","$6,875,000","UFA (2024)"
"586","NMC Keith, Duncan",35,"D","$5,538,462","UFA (2023)"
"587","NMC Hjalmarsson, Niklas",31,"D","$4,100,000","UFA (2019)"
"588","Oduya, Johnny",37,"D","$3,750,000","UFA (2017)"
"589","Campbell, Brian",39,"D","$1,500,000","UFA (2017)"
"590","Pokka, Ville",24,"D","$925,000","RFA (2017)"
"591","van Riemsdyk, Trevor",27,"D","$825,000","RFA (2018)"
"592","Svedberg, Viktor",27,"D","$750,000","UFA (2018)"
"593","Rozsíval, Michal",40,"D","$600,000","UFA (2018)"
"594","NMC Johnson, Erik",30,"D","$6,000,000","UFA (2023)"
"595","Barrie, Tyson",27,"D","$5,500,000","UFA (2020)"
"596","Tyutin, Fedor",35,"D","$2,000,000","UFA (2017)"
"597","Gelinas, Eric",27,"D","$1,575,000","RFA (2017)"
"598","Zadorov, Nikita",23,"D","$894,167","RFA (2017)"
"599","Siemens, Duncan",25,"D","$874,125","RFA (2017)"
"600","Wiercioch, Patrick",28,"D","$800,000","RFA (2017)"
"601","Barberio, Mark",28,"D","$750,000","UFA (2018)"
"602","Goloubef, Cody",29,"D","$750,000","UFA (2017)"
"603","Clark, Mat",28,"D","$600,000","UFA (2017)"
"604","Jones, Seth",24,"D","$5,400,000","UFA (2022)"
"605","Johnson, Jack",32,"D","$4,357,143","UFA (2018)"
"606","Savard, David",28,"D","$4,250,000","UFA (2021)"
"607","Murray, Ryan",25,"D","$2,825,000","RFA (2018)"
"608","Quincey, Kyle",33,"D","$1,250,000","UFA (2017)"
"609","Harrington, Scott",25,"D","$632,500","RFA (2019)"
"610","Sifers, Jaime",36,"D","$625,000","UFA (2017)"
"611","Ramage, John",27,"D","$612,500","UFA (2018)"
"612","Stanton, Ryan",29,"D","$600,000","UFA (2017)"
"613","Bergeron, Marc-Andre",38,"D","$575,000","UFA (2017)"
"614","Klingberg, John",26,"D","$4,250,000","UFA (2022)"
"615","Hamhuis, Dan",36,"D","$3,750,000","UFA (2018)"
"616","Oleksiak, Jamie",26,"D","$918,750","RFA (2017)"
"617","Nemeth, Patrik",26,"D","$900,000","RFA (2017)"
"618","Pateryn, Greg",28,"D","$800,000","UFA (2018)"
"619","Byström, Ludwig",24,"D","$775,000","RFA (2018)"
"620","Backman, Mattias",26,"D","$750,000","RFA (2017)"
"621","Lindell, Esa",24,"D","$745,833","RFA (2017)"
"622","Bodnarchuk, Andrew",30,"D","$725,000","UFA (2018)"
"623","Johns, Stephen",26,"D","$725,000","RFA (2018)"
"624","Ebert, Nick",24,"D","$691,667","RFA (2017)"
"625","Hache, Justin",25,"D","$640,000","RFA (2017)"
"626","Stevenson, Dustin",29,"D","$600,000","UFA (2017)"
"627","Green, Mike",33,"D","$6,000,000","UFA (2018)"
"628","DeKeyser, Danny",28,"D","$5,000,000","UFA (2022)"
"629","Kronwall, Niklas",38,"D","$4,750,000","UFA (2019)"
"630","Ericsson, Jonathan",34,"D","$4,250,000","UFA (2020)"
"631","McIlrath, Dylan",26,"D","$800,000","UFA (2017)"
"632","Ouellet, Xavier",25,"D","$715,000","RFA (2017)"
"633","Lashoff, Brian",28,"D","$650,000","RFA (2017)"
"634","Sproul, Ryan",26,"D","$625,000","RFA (2018)"
"635","Jensen, Nick",28,"D","$587,500","UFA (2019)"
"636","NMC Sekera, Andrej",32,"D","$5,500,000","UFA (2021)"
"637","Klefbom, Oscar",25,"D","$4,167,000","UFA (2023)"
"638","Larsson, Adam",26,"D","$4,166,667","UFA (2021)"
"639","Fayne, Mark",31,"D","$3,625,000","UFA (2018)"
"640","Russell, Kris",31,"D","$3,100,000","UFA (2017)"
"641","Gryba, Eric",30,"D","$950,000","UFA (2017)"
"642","Reinhart, Griffin",25,"D","$863,333","RFA (2017)"
"643","Simpson, Dillon",25,"D","$836,667","RFA (2017)"
"644","Musil, David",25,"D","$600,000","RFA (2017)"
"645","Oesterle, Jordan",26,"D","$585,000","UFA (2017)"
"646","Fraser, Mark",32,"D","$575,000","UFA (2017)"
"647","NMC Yandle, Keith",32,"D","$6,350,000","UFA (2023)"
"648","Demers, Jason",30,"D","$4,500,000","UFA (2021)"
"649","Kindl, Jakub",31,"D","$2,400,000","UFA (2017)"
"650","Pysyk, Mark",27,"D","$1,125,000","RFA (2017)"
"651","Petrovic, Alex",26,"D","$1,050,000","RFA (2017)"
"652","Ekblad, Aaron",22,"D","$925,000","UFA (2025)"
"653","Weegar, MacKenzie",25,"D","$680,000","RFA (2017)"
"654","Scarlett, Reece",25,"D","$600,000","RFA (2017)"
"655","Regner, Brent",29,"D","$600,000","UFA (2017)"
"656","Doughty, Drew",29,"D","$7,000,000","UFA (2019)"
"657","Martinez, Alec",31,"D","$4,000,000","UFA (2021)"
"658","Muzzin, Jake",29,"D","$4,000,000","UFA (2020)"
"659","Scuderi, Rob",40,"D","$3,375,000","UFA (2017)"
"660","McNabb, Brayden",28,"D","$1,700,000","UFA (2018)"
"661","Trotman, Zach",28,"D","$650,000","UFA (2017)"
"662","Forbort, Derek",26,"D","$650,000","RFA (2018)"
"663","Schilling, Cameron",30,"D","$575,000","UFA (2017)"
"664","LoVerde, Vincent",29,"D","$575,000","UFA (2017)"
"665","NMC Suter, Ryan",34,"D","$7,538,462","UFA (2025)"
"666","Spurgeon, Jared",29,"D","$5,187,500","UFA (2020)"
"667","Brodin, Jonas",25,"D","$4,166,667","UFA (2021)"
"668","Scandella, Marco",28,"D","$4,000,000","UFA (2020)"
"669","Dumba, Matt",24,"D","$2,550,000","RFA (2018)"
"670","Weber, Mike",31,"D","$1,000,000","UFA (2017)"
"671","Olofsson, Gustav",24,"D","$795,000","RFA (2017)"
"672","Folin, Christian",27,"D","$725,000","RFA (2017)"
"673","Bartley, Victor",30,"D","$650,000","UFA (2017)"
"674","Prosser, Nate",32,"D","$625,000","UFA (2017)"
"675","Gudbranson, Alexander",24,"D","$610,000","UFA (2017)"
"676","Weber, Shea",33,"D","$7,857,143","UFA (2026)"
"677","Markov, Andrei",40,"D","$5,750,000","UFA (2017)"
"678","NMC Petry, Jeff",31,"D","$5,500,000","UFA (2021)"
"679","Emelin, Alexei",32,"D","$4,100,000","UFA (2018)"
"680","Davidson, Brandon",27,"D","$1,425,000","RFA (2018)"
"681","Benn, Jordie",31,"D","$1,100,000","UFA (2019)"
"682","Lowe, Keegan",25,"D","$750,000","RFA (2017)"
"683","Nesterov, Nikita",25,"D","$725,000","UFA (2017)"
"684","Thrower, Dalton",25,"D","$646,667","RFA (2017)"
"685","Redmond, Zach",30,"D","$612,500","UFA (2018)"
"686","Subban, P.K.",29,"D","$9,000,000","UFA (2022)"
"687","Josi, Roman",28,"D","$4,000,000","UFA (2020)"
"688","Ekholm, Mattias",28,"D","$3,750,000","UFA (2022)"
"689","Ellis, Ryan",28,"D","$2,500,000","UFA (2019)"
"690","O'Brien, Andrew",26,"D","$632,500","RFA (2018)"
"691","Bitetto, Anthony",28,"D","$612,500","UFA (2018)"
"692","Granberg, Petter",26,"D","$612,500","RFA (2018)"
"693","Rissling, Jaynen",25,"D","$606,667","RFA (2017)"
"694","Hunt, Brad",30,"D","$600,000","UFA (2017)"
"695","Irwin, Matt",31,"D","$575,000","UFA (2018)"
"696","Weber, Yannick",30,"D","$575,000","UFA (2018)"
"697","Pardy, Adam",34,"D","$575,000","UFA (2017)"
"698","Greene, Andy",36,"D","$5,000,000","UFA (2020)"
"699","Lovejoy, Ben",34,"D","$2,666,667","UFA (2019)"
"700","Moore, John",28,"D","$1,666,667","UFA (2018)"
"701","Prout, Dalton",28,"D","$1,575,000","UFA (2018)"
"702","Merrill, Jon",26,"D","$1,137,500","RFA (2018)"
"703","Mueller, Mirco",23,"D","$894,167","RFA (2017)"
"704","Lööv, Viktor",26,"D","$692,500","RFA (2018)"
"705","Severson, Damon",24,"D","$605,833","RFA (2017)"
"706","Helgeson, Seth",28,"D","$587,500","UFA (2017)"
"707","MacWilliam, Andrew",28,"D","$575,000","UFA (2017)"
"708","NMC Boychuk, Johnny",35,"D","$6,000,000","UFA (2022)"
"709","Leddy, Nick",27,"D","$5,500,000","UFA (2022)"
"710","Hamonic, Travis",28,"D","$3,857,143","UFA (2020)"
"711","Hickey, Thomas",29,"D","$2,200,000","UFA (2018)"
"712","De Haan, Calvin",27,"D","$1,966,667","RFA (2017)"
"713","Seidenberg, Dennis",37,"D","$1,000,000","UFA (2018)"
"714","Pulock, Ryan",24,"D","$863,333","RFA (2018)"
"715","Pelech, Adam",24,"D","$854,333","RFA (2017)"
"716","Finn, Matthew",24,"D","$827,500","RFA (2017)"
"717","Mayfield, Scott",26,"D","$625,000","RFA (2018)"
"718","Leduc, Loic",24,"D","$615,000","RFA (2017)"
"719","Graham, Jesse",24,"D","$605,000","RFA (2017)"
"720","NMC Staal, Marc",32,"D","$5,700,000","UFA (2021)"
"721","McDonagh, Ryan",29,"D","$4,700,000","UFA (2019)"
"722","Klein, Kevin",34,"D","$2,900,000","UFA (2018)"
"723","Smith, Brendan",29,"D","$2,750,000","UFA (2017)"
"724","Holden, Nick",31,"D","$1,650,000","UFA (2018)"
"725","Hughes, Tommy",26,"D","$632,500","UFA (2017)"
"726","Kampfer, Steven",30,"D","$612,500","UFA (2019)"
"727","Clendening, Adam",26,"D","$600,000","RFA (2017)"
"728","Paliotta, Michael",25,"D","$600,000","RFA (2017)"
"729","Summers, Chris",30,"D","$600,000","UFA (2017)"
"730","NMC Phaneuf, Dion",33,"D","$7,000,000","UFA (2021)"
"731","Karlsson, Erik",28,"D","$6,500,000","UFA (2019)"
"732","Methot, Marc",33,"D","$4,900,000","UFA (2019)"
"733","Ceci, Cody",25,"D","$2,800,000","RFA (2018)"
"734","Borowiecki, Mark",29,"D","$1,100,000","UFA (2018)"
"735","Jokipakka, Jyrki",27,"D","$900,000","UFA (2017)"
"736","Sieloff, Patrick",24,"D","$894,167","RFA (2017)"
"737","Wideman, Chris",29,"D","$800,000","UFA (2018)"
"738","Claesson, Fredrik",26,"D","$700,000","RFA (2018)"
"739","Gormley, Brandon",26,"D","$650,000","UFA (2017)"
"740","MacDonald, Andrew",32,"D","$5,000,000","UFA (2020)"
"741","Del Zotto, Michael",28,"D","$3,875,000","UFA (2017)"
"742","Gudas, Radko",28,"D","$3,350,000","UFA (2020)"
"743","Schultz, Nick",36,"D","$2,250,000","UFA (2017)"
"744","Manning, Brandon",28,"D","$975,000","UFA (2018)"
"745","Gostisbehere, Shayne",25,"D","$925,000","UFA (2023)"
"746","Alt, Mark",27,"D","$625,000","UFA (2017)"
"747","Brennan, T.J.",29,"D","$625,000","UFA (2018)"
"748","O'Neill, Will",30,"D","$612,500","UFA (2018)"
"749","NMC Letang, Kris",31,"D","$7,250,000","UFA (2022)"
"750","Streit, Mark",41,"D","$5,250,000","UFA (2017)"
"751","Määttä, Olli",24,"D","$4,083,333","UFA (2022)"
"752","Daley, Trevor",35,"D","$3,300,000","UFA (2017)"
"753","Hainsey, Ron",37,"D","$2,833,333","UFA (2017)"
"754","Cole, Ian",29,"D","$2,100,000","UFA (2018)"
"755","Schultz, Justin",28,"D","$1,400,000","RFA (2017)"
"756","Pouliot, Derrick",25,"D","$863,333","RFA (2017)"
"757","Dumoulin, Brian",27,"D","$800,000","RFA (2017)"
"758","Corrado, Frank",25,"D","$600,000","RFA (2017)"
"759","Ruhwedel, Chad",28,"D","$575,000","UFA (2017)"
"760","Warsofsky, David",28,"D","$575,000","UFA (2017)"
"761","Gaunce, Cameron",28,"D","$575,000","UFA (2017)"
"762","Erixon, Tim",27,"D","$575,000","RFA (2017)"
"763","Percy, Stuart",25,"D","$575,000","RFA (2017)"
"764","Burns, Brent",33,"D","$5,760,000","UFA (2025)"
"765","Martin, Paul",37,"D","$4,850,000","UFA (2019)"
"766","Vlasic, Marc-Édouard",31,"D","$4,250,000","UFA (2018)"
"767","Braun, Justin",31,"D","$3,800,000","UFA (2020)"
"768","Dillon, Brenden",28,"D","$3,270,000","UFA (2020)"
"769","Schlemko, David",31,"D","$2,100,000","UFA (2020)"
"770","DeMelo, Dylan",25,"D","$650,000","RFA (2018)"
"771","Kelly, Dan",29,"D","$575,000","UFA (2017)"
"772","Pietrangelo, Alex",29,"D","$6,500,000","UFA (2020)"
"773","Bouwmeester, Jay",35,"D","$5,400,000","UFA (2019)"
"774","Gunnarsson, Carl",32,"D","$2,900,000","UFA (2019)"
"775","Edmundson, Joel",25,"D","$1,050,000","RFA (2018)"
"776","Bortuzzo, Robert",29,"D","$1,050,000","UFA (2019)"
"777","Lindbohm, Petteri",25,"D","$636,667","RFA (2017)"
"778","Butler, Chris",32,"D","$600,000","UFA (2017)"
"779","McNeill, Reid",26,"D","$575,000","UFA (2017)"
"780","Garrison, Jason",34,"D","$4,600,000","UFA (2018)"
"781","Strålman, Anton",32,"D","$4,500,000","UFA (2019)"
"782","NMC Hedman, Victor",28,"D","$4,000,000","UFA (2025)"
"783","Coburn, Braydon",33,"D","$3,700,000","UFA (2019)"
"784","Sustr, Andrej",28,"D","$1,450,000","RFA (2017)"
"785","Koekkoek, Slater",24,"D","$894,167","RFA (2017)"
"786","Blujus, Dylan",25,"D","$742,500","RFA (2017)"
"787","Racine, Jonathan",25,"D","$660,000","RFA (2017)"
"788","Dotchin, Jake",24,"D","$616,667","RFA (2017)"
"789","Witkowski, Luke",28,"D","$575,000","UFA (2017)"
"790","Taormina, Matt",32,"D","$575,000","UFA (2017)"
"791","Rielly, Morgan",24,"D","$5,000,000","UFA (2022)"
"792","Gardiner, Jake",28,"D","$4,050,000","UFA (2019)"
"793","Polák, Roman",32,"D","$2,250,000","UFA (2017)"
"794","Marchenko, Alexey",27,"D","$1,450,000","RFA (2018)"
"795","Marincin, Martin",26,"D","$1,250,000","RFA (2018)"
"796","Hunwick, Matt",33,"D","$1,200,000","UFA (2017)"
"797","Carrick, Connor",24,"D","$750,000","RFA (2018)"
"798","Oleksy, Steve",32,"D","$575,000","UFA (2017)"
"799","Campbell, Andrew",30,"D","$575,000","UFA (2017)"
"800","Edler, Alexander",32,"D","$5,000,000","UFA (2019)"
"801","Tanev, Christopher",29,"D","$4,450,000","UFA (2020)"
"802","Sbisa, Luca",29,"D","$3,600,000","UFA (2018)"
"803","Gudbranson, Erik",27,"D","$3,500,000","UFA (2018)"
"804","Biega, Alex",30,"D","$750,000","UFA (2018)"
"805","Pedan, Andrey",25,"D","$700,000","RFA (2018)"
"806","Niskanen, Matt",32,"D","$5,750,000","UFA (2021)"
"807","Orpik, Brooks",38,"D","$5,500,000","UFA (2019)"
"808","Shattenkirk, Kevin",30,"D","$4,250,000","UFA (2017)"
"809","Carlson, John",29,"D","$3,966,667","UFA (2018)"
"810","Alzner, Karl",30,"D","$2,800,000","UFA (2017)"
"811","Orlov, Dmitry",27,"D","$2,570,000","RFA (2017)"
"812","Gilbert, Tom",36,"D","$1,400,000","UFA (2017)"
"813","Schmidt, Nate",27,"D","$812,500","RFA (2017)"
"814","Chorney, Taylor",31,"D","$800,000","UFA (2018)"
"815","Djoos, Christian",24,"D","$711,667","RFA (2017)"
"816","Corbett, Cody",25,"D","$616,667","RFA (2017)"
"817","Ness, Aaron",28,"D","$612,500","UFA (2018)"
"818","Dietz, Darren",25,"D","$575,000","RFA (2017)"
"819","NMC Byfuglien, Dustin",33,"D","$7,600,000","UFA (2021)"
"820","NMC-Waived Enström, Toby",34,"D","$5,750,000","UFA (2018)"
"821","Myers, Tyler",28,"D","$5,500,000","UFA (2019)"
"822","Trouba, Jacob",24,"D","$3,308,824","RFA (2018)"
"823","Stuart, Mark",34,"D","$2,625,000","UFA (2018)"
"824","Postma, Paul",29,"D","$887,500","UFA (2017)"
"825","Chiarot, Ben",27,"D","$850,000","RFA (2017)"
"826","Melchiori, Julian",27,"D","$625,000","RFA (2018)"
"827","Kichton, Brenden",26,"D","$600,000","UFA (2017)"
"828","Strait, Brian",31,"D","$600,000","UFA (2017)"
"829","Bernier, Jonathan",30,"G","$4,150,000","UFA (2017)"
"830","Gibson, John",25,"G","$2,300,000","RFA (2019)"
"831","Enroth, Jhonas",30,"G","$750,000","UFA (2017)"
"832","Hackett, Matt",28,"G","$600,000","UFA (2017)"
"833","Tokarski, Dustin",29,"G","$600,000","UFA (2018)"
"834","Johnson, Chad",32,"G","$1,700,000","UFA (2017)"
"835","Domingue, Louis",26,"G","$1,050,000","RFA (2018)"
"836","Rask, Tuukka",31,"G","$7,000,000","UFA (2021)"
"837","Khudobin, Anton",32,"G","$1,200,000","UFA (2018)"
"838","Subban, Malcolm",25,"G","$863,333","RFA (2017)"
"839","Lehner, Robin",27,"G","$2,225,000","RFA (2017)"
"840","Nilsson, Anders",28,"G","$1,000,000","UFA (2017)"
"841","Ullmark, Linus",25,"G","$775,833","RFA (2019)"
"842","Smith, Mike",36,"G","$5,666,667","UFA (2019)"
"843","Elliott, Brian",33,"G","$2,500,000","UFA (2017)"
"844","McCollum, Tom",29,"G","$612,500","UFA (2018)"
"845","Ward, Cam",34,"G","$3,300,000","UFA (2018)"
"846","Läck, Eddie",31,"G","$2,750,000","UFA (2018)"
"847","Altshuller, Daniel",24,"G","$728,333","RFA (2017)"
"848","Leighton, Michael",37,"G","$700,000","UFA (2017)"
"849","Darling, Scott",30,"G","$587,500","UFA (2021)"
"850","NMC Crawford, Corey",34,"G","$6,000,000","UFA (2020)"
"851","Glass, Jeff",33,"G","$612,500","UFA (2018)"
"852","Carruth, Mac",26,"G","$575,000","UFA (2017)"
"853","Varlamov, Semyon",30,"G","$5,900,000","UFA (2019)"
"854","Pickard, Calvin",26,"G","$1,000,000","RFA (2018)"
"855","Smith, Jeremy",29,"G","$675,000","UFA (2017)"
"856","Cannata, Joe",29,"G","$575,000","UFA (2017)"
"857","NMC Bobrovsky, Sergei",30,"G","$7,425,000","UFA (2019)"
"858","Dansk, Oscar",24,"G","$775,833","RFA (2017)"
"859","Korpisalo, Joonas",24,"G","$742,500","RFA (2019)"
"860","Forsberg, Anton",26,"G","$650,000","RFA (2017)"
"861","NMC Bishop, Ben",32,"G","$5,950,000","UFA (2023)"
"862","Lehtonen, Kari",35,"G","$5,900,000","UFA (2018)"
"863","Niemi, Antti",35,"G","$4,500,000","UFA (2018)"
"864","Kiviaho, Henri",24,"G","$611,667","RFA (2017)"
"865","Peters, Justin",32,"G","$600,000","UFA (2017)"
"866","Lagacé, Maxime",26,"G","$600,000","RFA (2017)"
"867","Howard, Jimmy",34,"G","$5,291,667","UFA (2019)"
"868","Mrázek, Petr",26,"G","$4,000,000","RFA (2018)"
"869","Coreau, Jared",27,"G","$612,500","RFA (2018)"
"870","Pasquale, Edward",28,"G","$575,000","UFA (2017)"
"871","NMC Talbot, Cam",31,"G","$4,166,667","UFA (2019)"
"872","Brossoit, Laurent",25,"G","$750,000","RFA (2018)"
"873","Luongo, Roberto",39,"G","$5,333,333","UFA (2022)"
"874","Reimer, James",30,"G","$3,400,000","UFA (2021)"
"875","Brittain, Sam",26,"G","$750,000","UFA (2017)"
"876","Quick, Jonathan",33,"G","$5,800,000","UFA (2023)"
"877","Zatkoff, Jeff",31,"G","$900,000","UFA (2018)"
"878","Campbell, Jack",27,"G","$612,500","RFA (2018)"
"879","Dubnyk, Devan",32,"G","$4,333,333","UFA (2021)"
"880","Kuemper, Darcy",28,"G","$1,550,000","UFA (2017)"
"881","Stalock, Alex",31,"G","$650,000","UFA (2019)"
"882","NMC Price, Carey",31,"G","$6,500,000","UFA (2018)"
"883","Montoya, Al",33,"G","$950,000","UFA (2019)"
"884","NMC Rinne, Pekka",36,"G","$7,000,000","UFA (2019)"
"885","Mazanec, Marek",27,"G","$575,000","RFA (2017)"
"886","Schneider, Cory",32,"G","$6,000,000","UFA (2022)"
"887","Kinkaid, Keith",29,"G","$725,000","UFA (2017)"
"888","Wedgewood, Scott",26,"G","$587,500","RFA (2017)"
"889","Halák, Jaroslav",33,"G","$4,500,000","UFA (2018)"
"890","Greiss, Thomas",33,"G","$1,500,000","UFA (2020)"
"891","Bérubé, Jean-François",27,"G","$675,000","UFA (2017)"
"892","Gibson, Christopher",26,"G","$660,000","RFA (2017)"
"893","NMC Lundqvist, Henrik",36,"G","$8,500,000","UFA (2021)"
"894","Raanta, Antti",29,"G","$1,000,000","UFA (2018)"
"895","Skapski, Mackenzie",24,"G","$663,333","RFA (2017)"
"896","Anderson, Craig",37,"G","$4,200,000","UFA (2018)"
"897","Hammond, Andrew",30,"G","$1,350,000","UFA (2018)"
"898","Driedger, Chris",24,"G","$755,000","RFA (2017)"
"899","Condon, Mike",28,"G","$575,000","UFA (2017)"
"900","Mason, Steve",30,"G","$4,100,000","UFA (2017)"
"901","Neuvirth, Michal",30,"G","$1,625,000","UFA (2019)"
"902","Stolarz, Anthony",25,"G","$753,333","RFA (2017)"
"903","Fleury, Marc-André",34,"G","$5,750,000","UFA (2019)"
"904","Murray, Matt",24,"G","$628,333","RFA (2020)"
"905","Jones, Martin",29,"G","$3,000,000","UFA (2018)"
"906","Dell, Aaron",29,"G","$625,000","UFA (2018)"
"907","Grosenick, Troy",29,"G","$600,000","UFA (2019)"
"908","Allen, Jake",28,"G","$2,350,000","UFA (2021)"
"909","Hutton, Carter",33,"G","$1,125,000","UFA (2018)"
"910","Binnington, Jordan",25,"G","$600,000","RFA (2017)"
"911","Vasilevskiy, Andrei",24,"G","$925,000","RFA (2020)"
"912","Budaj, Peter",36,"G","$600,000","UFA (2019)"
"913","McKenna, Mike",35,"G","$575,000","UFA (2017)"
"914","Gudlevskis, Kristers",26,"G","$575,000","RFA (2017)"
"915","Andersen, Frederik",29,"G","$5,000,000","UFA (2021)"
"916","McElhinney, Curtis",35,"G","$800,000","UFA (2017)"
"917","Bibeau, Antoine",24,"G","$655,000","RFA (2017)"
"918","Sparks, Garret",25,"G","$575,000","RFA (2017)"
"919","Miller, Ryan",38,"G","$6,000,000","UFA (2017)"
"920","Markström, Jacob",29,"G","$1,550,000","UFA (2020)"
"921","Bachman, Richard",31,"G","$575,000","UFA (2018)"
"922","Holtby, Braden",29,"G","$6,100,000","UFA (2020)"
"923","Grubauer, Philipp",27,"G","$750,000","RFA (2017)"
"924","Copley, Pheonix",27,"G","$708,750","UFA (2017)"
"925","Pavelec, Ondrej",31,"G","$3,900,000","UFA (2017)"
"926","Hutchinson, Michael",28,"G","$1,150,000","UFA (2018)"
"927","Hellebuyck, Connor",25,"G","$667,500","RFA (2017)"
