"","EXEMPT","AGE","POS","CAP HIT","EXPIRY"
"1","Kossila, Kalle",25,"C","$925,000","RFA (2018)"
"2","Jones, Max",20,"LW","$925,000","RFA (2020)"
"3","Steel, Sam",20,"C","$925,000","RFA (2020)"
"4","Roy, Kevin",25,"C","$925,000","RFA (2018)"
"5","Ritchie, Nick",23,"LW","$894,167","RFA (2018)"
"6","Nattinen, Julius",22,"C","$745,000","RFA (2020)"
"7","Sideroff, Deven",21,"RW","$717,500","RFA (2020)"
"8","Kase, Ondrej",23,"RW","$670,000","RFA (2018)"
"9","Hults, Mitch",24,"C","$0","RFA (2019)"
"10","Fiore, Giovanni",22,"RW","$0","RFA (2020)"
"11","Kopacka, Jack",20,"LW","$0","RFA (2020)"
"12","Larsson, Jacob",21,"D","$925,000","RFA (2020)"
"13","Montour, Brandon",24,"D","$925,000","RFA (2018)"
"14","Welinski, Andy",25,"D","$925,000","RFA (2018)"
"15","Thompson, Keaton",23,"D","$795,000","RFA (2019)"
"16","Pettersson, Marcus",22,"D","$794,167","RFA (2019)"
"17","Mahura, Josh",20,"D","$0","RFA (2020)"
"18","Boyle, Kevin",26,"G","$925,000","RFA (2017)"
"19","Faragher, Ryan",28,"G","$575,000","RFA (2017)"
"20","Redmond, Angus",23,"G","$0","RFA (2020)"
"21","INJ Bolland, Dave",32,"C","$5,500,000","UFA (2019)"
"22","Keller, Clayton",20,"C","$916,667","RFA (2020)"
"23","Strome, Dylan",21,"C","$894,167","RFA (2020)"
"24","Crouse, Lawson",21,"LW","$894,167","RFA (2019)"
"25","Merkley, Nick",21,"C","$894,167","RFA (2020)"
"26","Domi, Max",23,"LW","$863,333","RFA (2018)"
"27","Perlini, Brendan",22,"LW","$863,333","RFA (2019)"
"28","Fischer, Christian",21,"RW","$852,500","RFA (2020)"
"29","Dvorak, Christian",22,"C","$839,167","RFA (2019)"
"30","MacInnis, Ryan",22,"C","$797,500","RFA (2019)"
"31","Dauphin, Laurent",23,"C","$745,000","RFA (2018)"
"32","Bunting, Michael",23,"LW","$692,500","RFA (2018)"
"33","Downing, Grayson",26,"C","$692,500","RFA (2017)"
"34","Garland, Conor",22,"RW","$680,000","RFA (2019)"
"35","Pederson, Lane",21,"C","$660,000","RFA (2020)"
"36","Looke, Jens",21,"RW","$0","RFA (2020)"
"37","Kempe, Mario",30,"LW","$0","UFA (2018)"
"38","Chychrun, Jakob",20,"D","$925,000","RFA (2019)"
"39","Deangelo, Anthony",23,"D","$863,333","RFA (2019)"
"40","Capobianco, Kyle",21,"D","$775,833","RFA (2020)"
"41","Wood, Kyle",22,"D","$717,500","RFA (2019)"
"42","Mayo, Dysin",22,"D","$678,333","RFA (2019)"
"43","Smereck, Jalen",22,"D","$655,000","RFA (2020)"
"44","Mermis, Dakota",25,"D","$626,667","RFA (2018)"
"45","Dineen, Cam",20,"D","$0","RFA (2020)"
"46","Hill, Adin",22,"G","$725,833","RFA (2019)"
"47","Langhamer, Marek",24,"G","$648,333","RFA (2017)"
"48","Miska, Hunter",23,"G","$0","RFA (2019)"
"49","Forsbacka Karlsson, Jakob",22,"C","$916,667","RFA (2019)"
"50","Senyshyn, Zach",21,"RW","$894,167","RFA (2020)"
"51","DeBrusk, Jake",22,"LW","$894,167","RFA (2020)"
"52","Heinen, Danton",23,"C","$872,500","RFA (2019)"
"53","Czarnik, Austin",26,"C","$817,500","RFA (2017)"
"54","Kuraly, Sean",26,"C","$808,750","RFA (2018)"
"55","Hickman, Justin",24,"RW","$792,500","RFA (2018)"
"56","Acciari, Noel",27,"C","$792,500","RFA (2017)"
"57","Vatrano, Frank",24,"LW","$792,500","RFA (2018)"
"58","Blidh, Anton",23,"LW","$784,167","RFA (2018)"
"59","Gabrielle, Jesse",21,"LW","$767,500","RFA (2020)"
"60","Cehlárik, Peter",23,"LW","$742,500","RFA (2019)"
"61","Hargrove, Colton",26,"LW","$737,500","RFA (2017)"
"62","Cave, Colby",24,"C","$655,000","RFA (2018)"
"63","Fitzgerald, Ryan",24,"C","$0","RFA (2019)"
"64","Bjork, Anders",22,"LW","$0","RFA (2020)"
"65","Koppanen, Joona",20,"LW","$0","RFA (2020)"
"66","O'Gara, Rob",25,"D","$925,000","RFA (2018)"
"67","McAvoy, Charlie",21,"D","$916,667","RFA (2019)"
"68","Zboril, Jakub",21,"D","$894,167","RFA (2020)"
"69","Grzelcyk, Matt",25,"D","$858,750","RFA (2018)"
"70","Carlo, Brandon",22,"D","$789,167","RFA (2019)"
"71","Lauzon, Jérémy",21,"D","$770,000","RFA (2020)"
"72","Johansson, Emil",22,"D","$0","RFA (2020)"
"73","McIntyre, Zane",26,"G","$925,000","RFA (2017)"
"74","Vladar, Daniel",21,"G","$742,500","RFA (2020)"
"75","Eichel, Jack",22,"C","$925,000","RFA (2018)"
"76","Fasching, Hudson",23,"RW","$925,000","RFA (2018)"
"77","Nylander, Alexander",20,"RW","$925,000","RFA (2020)"
"78","Smith, C.J.",24,"LW","$925,000","RFA (2018)"
"79","Reinhart, Sam",23,"C","$894,167","RFA (2018)"
"80","Malone, Sean",23,"C","$883,750","RFA (2018)"
"81","Rodrigues, Evan",25,"C","$842,500","RFA (2017)"
"82","Baptiste, Nicholas",23,"RW","$718,333","RFA (2018)"
"83","Cornel, Eric",22,"C","$717,500","RFA (2019)"
"84","Karabacek, Vaclav",22,"LW","$695,000","RFA (2019)"
"85","Bailey, Justin",23,"RW","$670,000","RFA (2018)"
"86","Dupuy, Jean",24,"LW","$653,333","RFA (2017)"
"87","Guhle, Brendan",21,"D","$703,333","RFA (2020)"
"88","Martin, Brycen",22,"D","$685,000","RFA (2019)"
"89","Nelson, Casey",26,"D","$650,000","RFA (2018)"
"90","Burgdoerfer, Erik",30,"D","$575,000","UFA (2017)"
"91","Stephens, Devante",22,"D","$0","RFA (2020)"
"92","Antipin, Victor",26,"D","$0","RFA (2018)"
"93","Kasdorf, Jason",26,"G","$612,500","RFA (2018)"
"94","Johansson, Jonas",23,"G","$0","RFA (2020)"
"95","Tkachuk, Matthew",21,"LW","$925,000","RFA (2019)"
"96","Jankowski, Mark",24,"C","$925,000","RFA (2018)"
"97","Pribyl, Daniel",26,"C","$925,000","RFA (2018)"
"98","Klimchuk, Morgan",23,"LW","$863,333","RFA (2018)"
"99","Pollock, Brett",22,"C","$711,667","RFA (2019)"
"100","Mangiapane, Andrew",22,"LW","$705,000","RFA (2019)"
"101","Smith, Hunter",23,"RW","$692,500","RFA (2018)"
"102","Hathaway, Garnet",27,"RW","$690,000","RFA (2017)"
"103","Carroll, Austin",24,"RW","$670,000","RFA (2018)"
"104","Lomberg, Ryan",24,"LW","$0","RFA (2019)"
"105","Dubé, Dillon",20,"C","$0","RFA (2020)"
"106","Morrison, Kenney",26,"D","$925,000","RFA (2017)"
"107","Andersson, Rasmus",22,"D","$786,667","RFA (2020)"
"108","Kylington, Oliver",21,"D","$761,667","RFA (2020)"
"109","Kanzig, Keegan",23,"D","$630,833","RFA (2018)"
"110","Healey, Josh",24,"D","$0","RFA (2019)"
"111","Gillies, Jon",25,"G","$925,000","RFA (2017)"
"112","Rittich, David",26,"G","$925,000","RFA (2017)"
"113","McDonald, Mason",22,"G","$822,500","RFA (2019)"
"114","Schneider, Nick",21,"G","$641,667","RFA (2020)"
"115","Parsons, Tyler",21,"G","$0","RFA (2020)"
"116","Gauthier, Julien",21,"RW","$925,000","RFA (2020)"
"117","Aho, Sebastian",21,"LW","$925,000","RFA (2019)"
"118","Poturalski, Andrew",25,"C","$858,750","RFA (2018)"
"119","Saarela, Aleksi",22,"C","$775,833","RFA (2020)"
"120","Roy, Nicolas",21,"C","$705,000","RFA (2020)"
"121","Zykov, Valentin",23,"LW","$705,000","RFA (2018)"
"122","Bishop, Clark",22,"C","$695,000","RFA (2019)"
"123","Wallmark, Lucas",23,"C","$683,333","RFA (2018)"
"124","Tolchinsky, Sergey",23,"LW","$616,667","RFA (2018)"
"125","Ryan, Derek",32,"C","$600,000","UFA (2017)"
"126","Smallman, Spencer",22,"RW","$0","RFA (2020)"
"127","Lorentz, Steven",22,"C","$0","RFA (2020)"
"128","Kuokkanen, Janne",20,"C","$0","RFA (2020)"
"129","Foegele, Warren",22,"LW","$0","RFA (2020)"
"130","Hanifin, Noah",22,"D","$925,000","RFA (2018)"
"131","Bean, Jake",20,"D","$925,000","RFA (2020)"
"132","Fleury, Haydn",22,"D","$863,333","RFA (2019)"
"133","Pesce, Brett",24,"D","$809,167","RFA (2018)"
"134","McKeown, Roland",23,"D","$745,000","RFA (2019)"
"135","Slavin, Jaccob",24,"D","$742,500","RFA (2018)"
"136","Wesley, Josh",22,"D","$695,000","RFA (2019)"
"137","Ganly, Tyler",23,"D","$640,000","RFA (2018)"
"138","Chelios, Jake",27,"D","$585,000","RFA (2017)"
"139","Nedeljkovic, Alex",23,"G","$811,667","RFA (2019)"
"140","Booth, Callum",21,"G","$0","RFA (2020)"
"141","Hayden, John",23,"C","$925,000","RFA (2018)"
"142","Motte, Tyler",23,"C","$925,000","RFA (2019)"
"143","Schmaltz, Nick",22,"C","$925,000","RFA (2019)"
"144","Panarin, Artemi",27,"LW","$812,500","UFA (2019)"
"145","DeBrincat, Alex",21,"C","$809,167","RFA (2020)"
"146","Knott, Graham",22,"LW","$717,500","RFA (2020)"
"147","Johnson, Luke",24,"C","$717,500","RFA (2019)"
"148","Hinostroza, Vinnie",24,"C","$717,500","RFA (2018)"
"149","Fortin, Alexandre",21,"C","$685,000","RFA (2020)"
"150","Kero, Tanner",26,"C","$667,500","RFA (2019)"
"151","Helgesen, Kenton",24,"LW","$626,667","RFA (2017)"
"152","Kämpf, David",24,"RW","$0","RFA (2019)"
"153","Louis, Anthony",23,"C","$0","RFA (2019)"
"154","Highmore, Matthew",22,"C","$0","RFA (2020)"
"155","Noel, Nathan",21,"C","$0","RFA (2020)"
"156","Iacopelli, Matheson",24,"RW","$0","RFA (2019)"
"157","Forsling, Gustav",22,"D","$872,500","RFA (2019)"
"158","Dahlström, Carl",24,"D","$750,833","RFA (2019)"
"159","Norell, Robin",23,"D","$717,500","RFA (2019)"
"160","Kempný, Michal",28,"D","$700,000","UFA (2018)"
"161","Valleau, Nolan",26,"D","$667,500","RFA (2017)"
"162","Gustafsson, Erik",26,"D","$667,500","RFA (2017)"
"163","Rutta, Jan",28,"D","$0","UFA (2018)"
"164","Snuggerud, Luc",23,"D","$0","RFA (2020)"
"165","Johansson, Lars",31,"G","$575,000","UFA (2017)"
"166","Compher, J.T.",23,"C","$925,000","RFA (2019)"
"167","Jost, Tyson",20,"C","$916,667","RFA (2020)"
"168","Rantanen, Mikko",22,"RW","$894,167","RFA (2019)"
"169","Greer, AJ",22,"LW","$741,667","RFA (2019)"
"170","Nantel, Julien",22,"C","$680,000","RFA (2019)"
"171","Petryk, Reid",25,"C","$622,500","RFA (2018)"
"172","Vogelhuber, Trent",30,"RW","$612,500","UFA (2018)"
"173","Beaudin, J.C.",21,"C","$0","RFA (2020)"
"174","Bigras, Chris",23,"D","$843,333","RFA (2018)"
"175","Lindholm, Anton",24,"D","$717,500","RFA (2019)"
"176","Boikov, Sergei",23,"D","$681,667","RFA (2019)"
"177","Geertsen, Mason",23,"D","$675,000","RFA (2018)"
"178","Meloche, Nicolas",21,"D","$0","RFA (2020)"
"179","Mironov, Andrei",24,"D","$0","RFA (2019)"
"180","Martin, Spencer",23,"G","$728,333","RFA (2018)"
"181","INJ Clarkson, David",34,"RW","$5,250,000","UFA (2020)"
"182","Dubois, Pierre-Luc",20,"LW","$925,000","RFA (2020)"
"183","Milano, Sonny",22,"LW","$863,333","RFA (2019)"
"184","Maletta, Jordan",23,"C","$792,500","RFA (2019)"
"185","Bittner, Paul",22,"LW","$778,333","RFA (2020)"
"186","Abramov, Vitaly",20,"LW","$775,833","RFA (2020)"
"187","Scott, Justin",23,"RW","$750,833","RFA (2019)"
"188","Thürkauf, Calvin",21,"C","$738,333","RFA (2020)"
"189","Salituro, Dante",22,"C","$725,000","RFA (2019)"
"190","Sherwood, Kole",22,"C","$721,667","RFA (2020)"
"191","Hännikäinen, Markus",25,"LW","$717,500","RFA (2019)"
"192","Kolesar, Keegan",21,"RW","$708,333","RFA (2020)"
"193","Moutrey, Nick",23,"C","$692,500","RFA (2018)"
"194","Bjorkstrand, Oliver",23,"RW","$655,833","RFA (2018)"
"195","Stenlund, Kevin",22,"C","$0","RFA (2020)"
"196","Vigneault, Sam",23,"C","$0","RFA (2019)"
"197","Carlsson, Gabriel",22,"D","$925,000","RFA (2020)"
"198","Werenski, Zachary",21,"D","$925,000","RFA (2019)"
"199","Nutivaara, Markus",24,"D","$817,500","RFA (2018)"
"200","Kukan, Dean",25,"D","$767,500","RFA (2018)"
"201","Graves, Jacob",23,"D","$750,833","RFA (2019)"
"202","Siebenaler, Blake",22,"D","$695,000","RFA (2019)"
"203","Yevenko, Oleg",28,"D","$575,000","RFA (2017)"
"204","Collins, Ryan",22,"D","$0","RFA (2020)"
"205","Kivlenieks, Matiss",22,"G","$0","RFA (2020)"
"206","Gurianov, Denis",21,"LW","$925,000","RFA (2020)"
"207","Dickinson, Jason",23,"C","$894,167","RFA (2018)"
"208","Shore, Devin",24,"C","$870,000","RFA (2018)"
"209","Elie, Remi",23,"LW","$745,000","RFA (2018)"
"210","Janmark, Mattias",26,"C","$733,750","RFA (2018)"
"211","Ully, Cole",23,"LW","$646,667","RFA (2018)"
"212","Caamano, Nicholas",20,"RW","$0","RFA (2020)"
"213","Hintz, Roope",22,"LW","$0","RFA (2020)"
"214","Honka, Julius",23,"D","$863,333","RFA (2019)"
"215","Heatherington, Dillon",23,"D","$770,833","RFA (2018)"
"216","Hansson, Niklas",24,"D","$745,833","RFA (2019)"
"217","Martenet, Chris",22,"D","$703,333","RFA (2019)"
"218","Vala, Ondrej",20,"D","$680,000","RFA (2020)"
"219","Bayreuther, Gavin",24,"D","$0","RFA (2019)"
"220","Nyberg, John",22,"D","$0","RFA (2020)"
"221","Desrosiers, Philippe",23,"G","$661,667","RFA (2018)"
"222","Bow, Landon",23,"G","$0","RFA (2019)"
"223","INJ Franzen, Johan",39,"RW","$3,954,545","UFA (2020)"
"224","INJ Vitale, Joe",33,"C","$1,116,667","UFA (2017)"
"225","Larkin, Dylan",22,"C","$925,000","RFA (2018)"
"226","Svechnikov, Evgeny",22,"LW","$894,167","RFA (2020)"
"227","Sadowy, Dylan",22,"LW","$880,833","RFA (2019)"
"228","Smith, Givani",20,"LW","$725,833","RFA (2020)"
"229","Holmström, Axel",22,"C","$686,667","RFA (2019)"
"230","Turgeon, Dominic",22,"C","$686,667","RFA (2019)"
"231","Bertuzzi, Tyler",23,"LW","$661,667","RFA (2018)"
"232","Nastasiuk, Zach",23,"RW","$647,500","RFA (2018)"
"233","Lorito, Matt",28,"LW","$637,500","UFA (2018)"
"234","Ehn, Christoffer",22,"C","$0","RFA (2020)"
"235","Renouf, Daniel",24,"D","$767,500","RFA (2018)"
"236","Hronek, Filip",21,"D","$725,833","RFA (2020)"
"237","Saarijärvi, Vili",21,"D","$686,667","RFA (2020)"
"238","Russo, Robbie",25,"D","$680,000","RFA (2017)"
"239","Hicketts, Joe",22,"D","$635,000","RFA (2019)"
"240","Cholowski, Dennis",20,"D","$0","RFA (2020)"
"241","Sulak, Libor",24,"D","$0","RFA (2019)"
"242","Paterson, Jake",24,"G","$628,333","RFA (2017)"
"243","Machovsky, Matej",25,"G","$0","RFA (2018)"
"244","Slepyshev, Anton",24,"LW","$925,000","RFA (2018)"
"245","Puljujärvi, Jesse",20,"RW","$925,000","RFA (2019)"
"246","McDavid, Connor",22,"C","$925,000","RFA (2018)"
"247","Caggiula, Drake",24,"C","$925,000","RFA (2018)"
"248","Russell, Patrick",26,"RW","$925,000","RFA (2018)"
"249","Benson, Tyler",20,"LW","$870,000","RFA (2020)"
"250","Platzer, Kyle",23,"RW","$735,000","RFA (2018)"
"251","Chase, Gregory",24,"C","$715,000","RFA (2018)"
"252","Christoffer, Braden",24,"LW","$650,000","RFA (2018)"
"253","Gambardella, Joseph",25,"C","$0","RFA (2019)"
"254","Benning, Matthew",24,"D","$925,000","RFA (2018)"
"255","LaLeggia, Joey",26,"D","$883,750","RFA (2017)"
"256","Nurse, Darnell",23,"D","$863,333","RFA (2018)"
"257","Bear, Ethan",21,"D","$721,667","RFA (2020)"
"258","Jones, Caleb",21,"D","$705,000","RFA (2020)"
"259","Betker, Ben",24,"D","$683,333","RFA (2018)"
"260","Mantha, Ryan",22,"D","$0","RFA (2020)"
"261","Lagesson, William",22,"D","$0","RFA (2020)"
"262","Paigin, Ziyat",23,"D","$0","RFA (2019)"
"263","Ellis, Nick",25,"G","$925,000","RFA (2018)"
"264","Wells, Dylan",21,"G","$0","RFA (2020)"
"265","Starrett, Shane",24,"G","$0","RFA (2019)"
"266","Hawryluk, Jayce",23,"C","$925,000","RFA (2019)"
"267","McCann, Jared",22,"C","$894,167","RFA (2018)"
"268","Rau, Kyle",26,"C","$858,750","RFA (2017)"
"269","Hunt, Dryden",23,"LW","$809,167","RFA (2019)"
"270","Lammikko, Juho",23,"LW","$717,500","RFA (2019)"
"271","Malgin, Denis",22,"C","$690,000","RFA (2019)"
"272","Balisy, Chase",26,"C","$635,000","RFA (2017)"
"273","Haapala, Henrik",24,"LW","$0","RFA (2019)"
"274","Mamin, Maxim",24,"LW","$0","RFA (2019)"
"275","Matheson, Michael",24,"D","$925,000","RFA (2018)"
"276","McCoshen, Ian",23,"D","$925,000","RFA (2019)"
"277","Downing, Michael",23,"D","$820,000","RFA (2019)"
"278","Hultström, Linus",26,"D","$792,500","RFA (2018)"
"279","Schemitsch, Thomas",22,"D","$717,500","RFA (2019)"
"280","Brown, Joshua",25,"D","$658,333","RFA (2018)"
"281","Wilcox, Adam",26,"G","$808,750","RFA (2017)"
"282","Montembeault, Samuel",22,"G","$725,833","RFA (2019)"
"283","Stevens, Colin",25,"G","$710,000","RFA (2017)"
"284","Kempe, Adrian",22,"LW","$894,167","RFA (2019)"
"285","Brodzinski, Jonny",25,"C","$808,750","RFA (2017)"
"286","Amadio, Michael",22,"C","$717,500","RFA (2019)"
"287","Watson, Spencer",22,"LW","$705,833","RFA (2019)"
"288","Lowry, Joel",27,"LW","$675,000","RFA (2017)"
"289","Bjorkstrand, Patrick",26,"RW","$667,500","RFA (2017)"
"290","Luff, Matt",21,"RW","$641,667","RFA (2020)"
"291","Roy, Matt",23,"LW","$0","RFA (2019)"
"292","Wagner, Austin",21,"LW","$0","RFA (2020)"
"293","Imama, Bokondji",22,"LW","$0","RFA (2020)"
"294","Iafallo, Alex",25,"C","$0","RFA (2019)"
"295","LaDue, Paul",26,"D","$925,000","RFA (2017)"
"296","Lintuniemi, Alex",23,"D","$729,167","RFA (2018)"
"297","Moverare, Jacob",20,"D","$691,667","RFA (2020)"
"298","Gravel, Kevin",26,"D","$667,500","RFA (2017)"
"299","Sharipzyanov, Damir",22,"D","$641,667","RFA (2019)"
"300","Leslie, Zachary",25,"D","$616,667","RFA (2017)"
"301","MacDermid, Kurtis",24,"D","$578,333","RFA (2017)"
"302","Fantenberg, Oscar",27,"D","$0","RFA (2018)"
"303","Reddekopp, Chaz",22,"D","$0","RFA (2020)"
"304","Clague, Kale",20,"D","$0","RFA (2020)"
"305","Tuch, Alex",22,"RW","$925,000","RFA (2019)"
"306","Eriksson Ek, Joel",22,"C","$894,167","RFA (2019)"
"307","Lucia, Mario",25,"LW","$792,500","RFA (2018)"
"308","Anas, Sam",25,"C","$792,500","RFA (2018)"
"309","Bertschy, Christoph",24,"C","$775,833","RFA (2018)"
"310","Gilmour, Adam",25,"C","$717,500","RFA (2018)"
"311","Lang, Chase",22,"RW","$686,667","RFA (2019)"
"312","Jenys, Pavel",22,"C","$678,333","RFA (2019)"
"313","Kloos, Justin",25,"C","$0","RFA (2019)"
"314","Kunin, Luke",21,"C","$0","RFA (2020)"
"315","Reilly, Mike",25,"D","$925,000","RFA (2017)"
"316","Seeler, Nick",25,"D","$717,500","RFA (2018)"
"317","Bouramman, Gustav",22,"D","$713,333","RFA (2020)"
"318","Labbé, Dylan",24,"D","$692,500","RFA (2018)"
"319","Palmquist, Zach",28,"D","$660,000","RFA (2017)"
"320","Warner, Hunter",23,"D","$636,667","RFA (2019)"
"321","Soucy, Carson",24,"D","$0","RFA (2019)"
"322","Vay, Ádám",24,"G","$842,500","RFA (2018)"
"323","Michalek, Steve",25,"G","$687,500","RFA (2017)"
"324","McCarron, Michael",23,"RW","$863,333","RFA (2018)"
"325","Scherbak, Nikita",23,"RW","$863,333","RFA (2019)"
"326","Lehkonen, Artturi",23,"LW","$839,167","RFA (2019)"
"327","Réway, Martin",24,"LW","$706,667","RFA (2019)"
"328","Audette, Daniel",22,"C","$668,333","RFA (2019)"
"329","MacMillan, Mark",27,"RW","$665,000","RFA (2017)"
"330","Eisenschmid, Markus",24,"C","$642,500","RFA (2018)"
"331","Martinsen, Andreas",28,"C","$640,000","UFA (2018)"
"332","Grégoire, Jeremy",23,"C","$633,333","RFA (2018)"
"333","Waked, Antoine",22,"RW","$0","RFA (2020)"
"334","Addison, Jeremiah",22,"LW","$0","RFA (2020)"
"335","Juulsen, Noah",21,"D","$894,167","RFA (2020)"
"336","Parisi, Tom",25,"D","$717,500","RFA (2018)"
"337","Johnston, Ryan",26,"D","$680,000","RFA (2017)"
"338","Lernout, Brett",23,"D","$653,333","RFA (2019)"
"339","Hanley, Joel",27,"D","$600,000","RFA (2017)"
"340","Jeřábek, Jakub",27,"D","$0","UFA (2018)"
"341","Mete, Victor",20,"D","$0","RFA (2020)"
"342","Bourque, Simon",22,"D","$0","RFA (2020)"
"343","Lindgren, Charlie",25,"G","$925,000","RFA (2017)"
"344","Fucale, Zachary",23,"G","$714,167","RFA (2018)"
"345","McNiven, Michael",21,"G","$648,333","RFA (2020)"
"346","Fiala, Kevin",22,"LW","$863,333","RFA (2019)"
"347","Kamenev, Vladislav",22,"C","$833,333","RFA (2019)"
"348","Trenin, Yakov",22,"C","$761,667","RFA (2020)"
"349","Kirkland, Justin",22,"LW","$717,500","RFA (2019)"
"350","Richard, Anthony",22,"C","$668,333","RFA (2020)"
"351","Gaudreau, Frédérick",25,"C","$595,000","RFA (2017)"
"352","Liambas, Michael",29,"LW","$575,000","UFA (2017)"
"353","Moy, Tyler",23,"C","$0","RFA (2019)"
"354","Pettersson, Emil",25,"C","$0","RFA (2019)"
"355","Ejdsell, Victor",23,"C","$0","RFA (2019)"
"356","Allard, Frédéric",21,"D","$717,500","RFA (2020)"
"357","Girard, Samuel",20,"D","$717,500","RFA (2020)"
"358","Dougherty, Jack",22,"D","$695,000","RFA (2019)"
"359","Carrier, Alexandre",22,"D","$668,333","RFA (2020)"
"360","Murphy, Trevor",23,"D","$640,000","RFA (2018)"
"361","Lyytinen, Joonas",23,"D","$0","RFA (2019)"
"362","Saros, Juuse",23,"G","$692,500","RFA (2018)"
"363","Gunnarsson, Jonas",26,"G","$635,000","RFA (2017)"
"364","NMC-Waived INJ Clowe, Ryane",36,"LW","$4,850,000","UFA (2018)"
"365","Mcleod, Michael",20,"C","$925,000","RFA (2020)"
"366","Wood, Miles",23,"LW","$925,000","RFA (2018)"
"367","Zacha, Pavel",21,"C","$894,167","RFA (2019)"
"368","Lappin, Nick",26,"RW","$842,500","RFA (2018)"
"369","Quenneville, John",22,"C","$811,667","RFA (2019)"
"370","Bastian, Nathan",21,"RW","$734,167","RFA (2020)"
"371","Speers, Blake",22,"C","$717,500","RFA (2020)"
"372","Gignac, Brandon",21,"C","$717,500","RFA (2020)"
"373","Kujawinski, Ryan",23,"C","$692,500","RFA (2018)"
"374","Coleman, Blake",27,"LW","$680,000","RFA (2017)"
"375","Baddock, Brandon",23,"LW","$673,333","RFA (2019)"
"376","Pietila, Blake",25,"LW","$662,500","RFA (2017)"
"377","Blandisi, Joseph",24,"C","$648,333","RFA (2017)"
"378","Rooney, Kevin",25,"C","$625,000","RFA (2017)"
"379","Bratt, Jesper",20,"LW","$0","RFA (2020)"
"380","Kapla, Michael",24,"D","$925,000","RFA (2018)"
"381","Santini, Steven",23,"D","$925,000","RFA (2018)"
"382","Auvitu, Yohann",29,"D","$792,500","UFA (2017)"
"383","Jacobs, Josh",22,"D","$725,833","RFA (2019)"
"384","White, Colton",21,"D","$717,500","RFA (2020)"
"385","Sissons, Colby",21,"D","$663,333","RFA (2020)"
"386","Dyblenko, Yaroslav",25,"D","$0","RFA (2019)"
"387","Blackwood, Mackenzie",22,"G","$703,333","RFA (2020)"
"388","Appleby, Ken",23,"G","$635,000","RFA (2018)"
"389","INJ Grabovski, Mikhail",35,"C","$5,000,000","UFA (2018)"
"390","Beauvillier, Anthony",21,"LW","$894,167","RFA (2019)"
"391","Barzal, Mathew",21,"C","$894,167","RFA (2020)"
"392","Ho-Sang, Joshua",23,"C","$863,333","RFA (2019)"
"393","Dal Colle, Michael",22,"LW","$863,333","RFA (2019)"
"394","Verhaeghe, Carter",23,"C","$778,333","RFA (2018)"
"395","Schempp, Kyle",25,"C","$705,000","RFA (2018)"
"396","Johnston, Ross",24,"LW","$666,667","RFA (2018)"
"397","Jones, Connor",28,"C","$575,000","RFA (2017)"
"398","Stevens, John",24,"C","$0","RFA (2019)"
"399","Fritz, Tanner",27,"C","$0","RFA (2019)"
"400","Toews, Devon",24,"D","$925,000","RFA (2018)"
"401","Bischoff, Jake",24,"D","$833,750","RFA (2019)"
"402","Wotherspoon, Parker",21,"D","$735,833","RFA (2020)"
"403","Vande Sompel, Mitch",21,"D","$717,500","RFA (2020)"
"404","Burroughs, Kyle",23,"D","$630,000","RFA (2018)"
"405","Williams, Stephon",25,"G","$925,000","RFA (2017)"
"406","McAdam, Eamon",24,"G","$925,000","RFA (2019)"
"407","Söderström, Linus",22,"G","$0","RFA (2020)"
"408","Buchnevich, Pavel",23,"LW","$925,000","RFA (2019)"
"409","Vesey, Jimmy",25,"LW","$925,000","RFA (2018)"
"410","Gropp, Ryan",22,"LW","$808,333","RFA (2020)"
"411","Kovacs, Robin",22,"RW","$803,333","RFA (2019)"
"412","Tambellini, Adam",24,"C","$803,333","RFA (2018)"
"413","Chapie, Adam",27,"RW","$800,000","RFA (2018)"
"414","Nieves, Cristoval",25,"LW","$755,000","RFA (2018)"
"415","Fogarty, Steven",25,"C","$750,000","RFA (2018)"
"416","Stromwall, Malte",24,"RW","$742,500","RFA (2018)"
"417","Lettieri, Vinni",23,"C","$0","RFA (2019)"
"418","Gettinger, Tim",20,"LW","$0","RFA (2020)"
"419","Fontaine, Gabriel",21,"C","$0","RFA (2020)"
"420","Leedahl, Dawson",22,"LW","$0","RFA (2020)"
"421","Skjei, Brady",24,"D","$925,000","RFA (2018)"
"422","Gilmour, John",25,"D","$742,500","RFA (2018)"
"423","Zborovskiy, Sergey",21,"D","$734,167","RFA (2020)"
"424","Donnay, Troy",24,"D","$686,667","RFA (2017)"
"425","Graves, Ryan",23,"D","$656,667","RFA (2018)"
"426","Bereglazov, Alexei",24,"D","$0","RFA (2019)"
"427","Pedrie, Vince",25,"D","$0","RFA (2019)"
"428","Day, Sean",21,"D","$0","RFA (2020)"
"429","Pionk, Neal",23,"D","$0","RFA (2019)"
"430","Halverson, Brandon",22,"G","$772,500","RFA (2019)"
"431","Nell, Chris",24,"G","$0","RFA (2019)"
"432","White, Colin",22,"C","$925,000","RFA (2019)"
"433","Brown, Logan",20,"C","$925,000","RFA (2020)"
"434","Chlapik, Filip",21,"C","$759,167","RFA (2020)"
"435","Gagné, Gabriel",22,"RW","$742,500","RFA (2019)"
"436","Perron, Francis",22,"LW","$703,333","RFA (2019)"
"437","Paul, Nicholas",23,"LW","$670,000","RFA (2018)"
"438","Dunn, Vincent",23,"C","$635,833","RFA (2018)"
"439","DiDomenico, Chris",29,"C","$612,500","UFA (2018)"
"440","Hagel, Marc",30,"RW","$605,000","UFA (2017)"
"441","Nehring, Chad",31,"C","$600,000","UFA (2017)"
"442","Chabot, Thomas",22,"D","$894,167","RFA (2020)"
"443","Englund, Andreas",23,"D","$775,833","RFA (2019)"
"444","Lajoie, Maxime",21,"D","$730,000","RFA (2020)"
"445","Erkamps, Macoy",23,"D","$655,000","RFA (2019)"
"446","Harpur, Ben",24,"D","$653,333","RFA (2018)"
"447","Donaghey, Cody",22,"D","$641,667","RFA (2019)"
"448","Jaros, Christian",22,"D","$0","RFA (2020)"
"449","O'Connor, Matt",26,"G","$925,000","UFA (2017)"
"450","Högberg, Marcus",24,"G","$0","RFA (2019)"
"451","Lyubimov, Roman",27,"C","$925,000","RFA (2017)"
"452","Vecchione, Michael",25,"C","$925,000","RFA (2017)"
"453","Konecny, Travis",21,"C","$894,167","RFA (2019)"
"454","Laberge, Pascal",20,"C","$842,500","RFA (2020)"
"455","Aubé-Kubel, Nicolas",22,"RW","$680,833","RFA (2019)"
"456","Martel, Danick",24,"LW","$680,000","RFA (2018)"
"457","Bardreau, Cole",25,"C","$680,000","RFA (2017)"
"458","Goulbourne, Tyrell",25,"LW","$677,500","RFA (2018)"
"459","Fazleev, Radel",23,"C","$675,000","RFA (2019)"
"460","Vorobyov, Mikhail",22,"C","$0","RFA (2020)"
"461","Bunnaman, Connor",20,"C","$0","RFA (2020)"
"462","Rubtsov, German",20,"C","$0","RFA (2020)"
"463","Lindblom, Oskar",22,"LW","$0","RFA (2020)"
"464","Provorov, Ivan",22,"D","$894,167","RFA (2019)"
"465","Hägg, Robert",23,"D","$894,167","RFA (2018)"
"466","Sanheim, Travis",22,"D","$863,333","RFA (2019)"
"467","Morin, Samuel",23,"D","$863,333","RFA (2018)"
"468","Willcox, Reece",24,"D","$680,000","RFA (2018)"
"469","Myers, Philippe",22,"D","$648,333","RFA (2020)"
"470","Friedman, Mark",23,"D","$0","RFA (2020)"
"471","Lyon, Alex",26,"G","$925,000","RFA (2017)"
"472","Hart, Carter",20,"G","$792,500","RFA (2020)"
"473","DiPauli, Thomas",24,"C","$742,500","RFA (2018)"
"474","Guentzel, Jake",24,"C","$734,167","RFA (2019)"
"475","Blueger, Teddy",24,"C","$705,000","RFA (2018)"
"476","Sprong, Daniel",21,"RW","$692,500","RFA (2018)"
"477","Simon, Dominik",24,"C","$692,500","RFA (2018)"
"478","Sheary, Conor",26,"LW","$667,500","RFA (2017)"
"479","Rowney, Carter",29,"C","$612,500","UFA (2018)"
"480","Aston-Reese, Zach",24,"C","$0","RFA (2019)"
"481","Prow, Ethan",26,"D","$730,000","RFA (2018)"
"482","Bengtsson, Lukas",24,"D","$705,000","RFA (2018)"
"483","Taylor, Jeff",24,"D","$0","RFA (2019)"
"484","Maguire, Sean",26,"G","$705,000","RFA (2018)"
"485","Jarry, Tristan",23,"G","$630,833","RFA (2018)"
"486","Gustavsson, Filip",20,"G","$0","RFA (2020)"
"487","Donskoi, Joonas",26,"RW","$925,000","UFA (2019)"
"488","Sörensen, Marcus",26,"LW","$925,000","RFA (2017)"
"489","Meier, Timo",22,"RW","$894,167","RFA (2019)"
"490","O'Regan, Danny",25,"C","$858,750","RFA (2018)"
"491","Martin, Jonathon",23,"C","$800,833","RFA (2019)"
"492","Labanc, Kevin",23,"RW","$717,500","RFA (2019)"
"493","Schoenborn, Alex",23,"RW","$717,500","RFA (2019)"
"494","Helewka, Adam",23,"LW","$705,000","RFA (2019)"
"495","Chartier, Rourke",22,"C","$703,333","RFA (2020)"
"496","Jevpalovs, Nikita",24,"LW","$632,500","RFA (2017)"
"497","Sandberg, Filip",24,"C","$0","RFA (2019)"
"498","Clifton, Tim",26,"C","$0","UFA (2019)"
"499","Wiederer, Manuel",22,"C","$0","RFA (2020)"
"500","Rod, Noah",22,"C","$0","RFA (2020)"
"501","Roy, Jérémy",21,"D","$858,333","RFA (2020)"
"502","McNally, Patrick",27,"D","$800,000","RFA (2017)"
"503","Brodzinski, Michael",23,"D","$778,333","RFA (2019)"
"504","Heed, Tim",28,"D","$775,000","UFA (2019)"
"505","Bergman, Julius",23,"D","$714,167","RFA (2019)"
"506","Ryan, Joakim",25,"D","$680,000","RFA (2019)"
"507","Fitzgerald, Cavan",22,"D","$656,667","RFA (2019)"
"508","Simek, Radim",26,"D","$0","RFA (2018)"
"509","DeSimone, Nick",24,"D","$0","RFA (2019)"
"510","Armalis, Mantas",26,"G","$925,000","RFA (2017)"
"511","MacEachern, Mackenzie",24,"LW","$925,000","RFA (2018)"
"512","Fabbri, Robby",23,"C","$894,167","RFA (2018)"
"513","Sanford, Zachary",24,"LW","$875,000","RFA (2019)"
"514","Kyrou, Jordan",20,"C","$803,333","RFA (2020)"
"515","Barbashev, Ivan",23,"C","$741,667","RFA (2019)"
"516","Musil, Adam",21,"C","$735,833","RFA (2020)"
"517","Bleackley, Conner",22,"C","$700,000","RFA (2019)"
"518","Selman, Justin",25,"C","$677,500","RFA (2018)"
"519","Blais, Samuel",22,"LW","$673,333","RFA (2019)"
"520","Megan, Wade",28,"C","$575,000","RFA (2017)"
"521","Thompson, Tage",21,"C","$0","RFA (2020)"
"522","Schmaltz, Jordan",25,"D","$925,000","RFA (2018)"
"523","Parayko, Colton",25,"D","$858,750","RFA (2017)"
"524","Dunn, Vince",22,"D","$728,333","RFA (2020)"
"525","Vannelli, Thomas",24,"D","$720,000","RFA (2018)"
"526","Sergeev, Dmitrii",22,"D","$644,167","RFA (2019)"
"527","Walman, Jake",22,"D","$0","RFA (2020)"
"528","Husso, Ville",23,"G","$847,500","RFA (2019)"
"529","Opilka, Luke",21,"G","$686,667","RFA (2020)"
"530","Fitzpatrick, Evan",21,"G","$0","RFA (2020)"
"531","Howden, Brett",20,"C","$925,000","RFA (2020)"
"532","Erne, Adam",23,"LW","$874,167","RFA (2018)"
"533","Stephens, Mitchell",21,"C","$839,167","RFA (2020)"
"534","Peca, Matthew",25,"C","$796,250","RFA (2017)"
"535","Joseph, Mathieu",21,"RW","$742,500","RFA (2020)"
"536","Yan, Dennis",21,"LW","$717,500","RFA (2020)"
"537","Cirelli, Anthony",21,"C","$717,500","RFA (2020)"
"538","Hart, Brian",25,"RW","$703,333","RFA (2018)"
"539","Tammela, Jonne",21,"RW","$690,000","RFA (2020)"
"540","Point, Brayden",22,"C","$686,667","RFA (2019)"
"541","Darcy, Cameron",24,"C","$641,667","RFA (2018)"
"542","Katchouk, Boris",20,"LW","$0","RFA (2020)"
"543","Raddysh, Taylor",20,"RW","$0","RFA (2020)"
"544","Sergachev, Mikhail",20,"D","$925,000","RFA (2020)"
"545","Masin, Dominik",22,"D","$808,333","RFA (2019)"
"546","Spencer, Matthew",21,"D","$742,500","RFA (2020)"
"547","Cernak, Erik",21,"D","$708,333","RFA (2020)"
"548","Thomas, Ben",22,"D","$690,000","RFA (2019)"
"549","Walcott, Daniel",24,"D","$650,000","RFA (2018)"
"550","Hájek, Libor",20,"D","$0","RFA (2020)"
"551","Ingram, Connor",21,"G","$0","RFA (2020)"
"552","NMC-Waived INJ Horton, Nathan",33,"RW","$5,300,000","UFA (2020)"
"553","Matthews, Auston",21,"C","$925,000","RFA (2019)"
"554","Moore, Trevor",23,"LW","$925,000","RFA (2019)"
"555","Hyman, Zach",26,"C","$900,000","RFA (2017)"
"556","Marner, Mitchell",21,"C","$894,167","RFA (2019)"
"557","Nylander, William",22,"C","$894,167","RFA (2018)"
"558","Kapanen, Kasperi",22,"RW","$863,333","RFA (2019)"
"559","Gauthier, Frédérik",23,"C","$863,333","RFA (2018)"
"560","Kalinin, Sergei",27,"RW","$800,000","RFA (2017)"
"561","Johnsson, Andreas",24,"LW","$750,833","RFA (2018)"
"562","Soshnikov, Nikita",25,"RW","$736,667","RFA (2018)"
"563","Lindberg, Tobias",23,"LW","$693,333","RFA (2018)"
"564","Timashov, Dmytro",22,"LW","$680,000","RFA (2020)"
"565","Grundström, Carl",21,"LW","$0","RFA (2020)"
"566","Aaltonen, Miro",25,"C","$0","RFA (2018)"
"567","Bracco, Jeremy",21,"RW","$0","RFA (2020)"
"568","Zaitsev, Nikita",27,"D","$925,000","UFA (2024)"
"569","Dermott, Travis",22,"D","$894,167","RFA (2020)"
"570","Valiev, Rinat",23,"D","$778,333","RFA (2018)"
"571","Holl, Justin",27,"D","$742,500","RFA (2017)"
"572","Nielsen, Andrew",22,"D","$686,667","RFA (2020)"
"573","Borgman, Andreas",23,"D","$0","RFA (2019)"
"574","Rosén, Calle",24,"D","$0","RFA (2019)"
"575","Kaskisuo, Kasimir",25,"G","$925,000","RFA (2018)"
"576","Molino, Griffen",25,"C","$925,000","RFA (2018)"
"577","Boeser, Brock",21,"RW","$925,000","RFA (2019)"
"578","Virtanen, Jake",22,"RW","$894,167","RFA (2018)"
"579","Goldobin, Nikolay",23,"LW","$863,333","RFA (2019)"
"580","Laplante, Yan-Pavel",23,"C","$836,667","RFA (2019)"
"581","Labate, Joseph",25,"C","$680,000","RFA (2017)"
"582","Carcone, Michael",22,"LW","$675,000","RFA (2019)"
"583","Cassels, Cole",23,"C","$630,833","RFA (2018)"
"584","MacEwen, Zack",22,"C","$0","RFA (2020)"
"585","Dahlén, Jonathan",21,"C","$0","RFA (2020)"
"586","Stecher, Troy",24,"D","$925,000","RFA (2018)"
"587","Juolevi, Olli",20,"D","$925,000","RFA (2020)"
"588","Hutton, Ben",25,"D","$896,250","RFA (2019)"
"589","Subban, Jordan",23,"D","$755,000","RFA (2018)"
"590","Brisebois, Guillaume",21,"D","$703,333","RFA (2020)"
"591","Sautner, Ashton",24,"D","$675,000","RFA (2018)"
"592","Stewart, MacKenze",23,"D","$655,000","RFA (2018)"
"593","Cederholm, Anton",23,"D","$645,000","RFA (2018)"
"594","McEneny, Evan",24,"D","$585,000","RFA (2017)"
"595","Holm, Philip",27,"D","$0","RFA (2018)"
"596","Chatfield, Jalen",22,"D","$0","RFA (2020)"
"597","Demko, Thatcher",23,"G","$925,000","RFA (2019)"
"598","Garteig, Michael",27,"G","$925,000","RFA (2017)"
"599","Vrána, Jakub",22,"LW","$863,333","RFA (2019)"
"600","Boyd, Travis",25,"C","$705,000","RFA (2017)"
"601","Barber, Riley",24,"RW","$692,500","RFA (2018)"
"602","McGauley, Tim",23,"C","$663,333","RFA (2018)"
"603","Gustafsson, Hampus",25,"LW","$0","RFA (2019)"
"604","Mitchell, Mason",24,"C","$0","RFA (2019)"
"605","Pilon, Garrett",20,"C","$0","RFA (2020)"
"606","Malenstyn, Beck",20,"C","$0","RFA (2020)"
"607","Hobbs, Connor",22,"D","$721,667","RFA (2020)"
"608","Siegenthaler, Jonas",21,"D","$720,000","RFA (2020)"
"609","Bowey, Madison",23,"D","$703,333","RFA (2018)"
"610","Lewington, Tyler",24,"D","$665,000","RFA (2018)"
"611","Williams, Colby",24,"D","$0","RFA (2019)"
"612","Johansen, Lucas",21,"D","$0","RFA (2020)"
"613","Bindulis, Kris",23,"D","$0","RFA (2020)"
"614","Vanecek, Vitek",23,"G","$714,167","RFA (2019)"
"615","Carlson, Adam",24,"G","$705,000","RFA (2018)"
"616","Roslovic, Jack",22,"C","$925,000","RFA (2020)"
"617","Connor, Kyle",22,"LW","$925,000","RFA (2019)"
"618","Laine, Patrik",20,"RW","$925,000","RFA (2019)"
"619","Ehlers, Nikolaj",22,"LW","$894,167","RFA (2018)"
"620","Tanev, Brandon",27,"C","$874,125","RFA (2017)"
"621","Lemieux, Brendan",22,"LW","$839,167","RFA (2019)"
"622","Petan, Nicolas",23,"C","$758,333","RFA (2018)"
"623","De Leo, Chase",23,"C","$720,833","RFA (2018)"
"624","Lodge, James",23,"C","$668,333","RFA (2018)"
"625","Spacek, Michael",21,"C","$0","RFA (2020)"
"626","Harkins, Jansen",21,"C","$0","RFA (2020)"
"627","Stanley, Logan",20,"D","$925,000","RFA (2020)"
"628","Morrissey, Joshua",23,"D","$863,333","RFA (2018)"
"629","Nogier, Nelson",22,"D","$713,333","RFA (2019)"
"630","Kostalek, Jan",23,"D","$693,333","RFA (2018)"
"631","Poolman, Tucker",25,"D","$0","RFA (2018)"
"632","Niku, Sami",22,"D","$0","RFA (2020)"
"633","Phillips, Jamie",25,"G","$675,000","RFA (2018)"
"634","Comrie, Eric",23,"G","$645,000","RFA (2018)"
